Data Format: ,,,,,,,,
"  dateTimeDelimiter: "" """,,,,,,,,
"  decimalSeparator: "".""",,,,,,,,
"  dataDelimiter: ""","
  dateFormat: M/d/yy
  timeFormat: HH:mm:ss
  gmtOffset: -5""",,,,,,,
  daylightSavings: true,,,,,,,,
,,,,,,,,
Logger Info: ,,,,,,,,
  - &1,,,,,,,,
"    launchDescription: ""Building 1 roof""",,,,,,,,
    model: U30,,,,,,,,
    vendor: Onset Computer Corporation,,,,,,,,
    serialNumber: 10290124,,,,,,,,
    memorySize: 0,,,,,,,,
    firmwareVersion: 2.006,,,,,,,,
    firmwareVersionRaw: 0,,,,,,,,
    deploymentNumber: 3743,,,,,,,,
Series Info: ,,,,,,,,
"  - name: ""Solar Rad""",,,,,,,,
    type: value,,,,,,,,
"    unitName: """"",,,,,,,,
    OMClassName: OMSolarRad_HWS,,,,,,,,
    OMPartNumber: S-LIB-XXXX,,,,,,,,
    OMUnitIndex: 0,,,,,,,,
    OMChannelType: 19,,,,,,,,
"    OMValuePattern: ""#",##0;-#,"##0""",,,,,,
    logger: *1,,,,,,,,
"  - name: ""Pressure""",,,,,,,,
    type: value,,,,,,,,
"    unitName: """"",,,,,,,,
    OMClassName: OMPressure_HWS,,,,,,,,
    OMPartNumber: S-BPB-XXXX,,,,,,,,
    OMUnitIndex: 0,,,,,,,,
    OMChannelType: 7,,,,,,,,
"    OMValuePattern: ""#",##0.0;-#,"##0.0""",,,,,,
    logger: *1,,,,,,,,
"  - name: ""Wind Dir""",,,,,,,,
    type: value,,,,,,,,
"    unitName: """"",,,,,,,,
    OMClassName: OMeasurementH21,,,,,,,,
    OMPartNumber: S-WDA-XXXX,,,,,,,,
    OMUnitIndex: 0,,,,,,,,
    OMChannelType: 20,,,,,,,,
"    OMValuePattern: ""#",##0;-#,"##0""",,,,,,
    logger: *1,,,,,,,,
"  - name: ""Temp""",,,,,,,,
    type: value,,,,,,,,
"    unitName: """"",,,,,,,,
    OMClassName: OMTemp12bit_HWS,,,,,,,,
    OMPartNumber: S-THB-XXXX,,,,,,,,
    OMUnitIndex: 0,,,,,,,,
    OMChannelType: 1,,,,,,,,
"    OMValuePattern: ""#",##0.00;-#,"##0.00""",,,,,,
    logger: *1,,,,,,,,
"  - name: ""RH""",,,,,,,,
    type: value,,,,,,,,
"    unitName: """"",,,,,,,,
    OMClassName: OMRH_HWS,,,,,,,,
    OMPartNumber: S-THB-XXXX,,,,,,,,
    OMUnitIndex: 0,,,,,,,,
    OMChannelType: 2,,,,,,,,
"    OMValuePattern: ""#",##0.00;-#,"##0.00""",,,,,,
    logger: *1,,,,,,,,
"  - name: ""DewPt""",,,,,,,,
    type: value,,,,,,,,
"    unitName: """"",,,,,,,,
    OMClassName: OMDewPoint_HWS,,,,,,,,
    OMPartNumber: S-THB-XXXX,,,,,,,,
    OMUnitIndex: 0,,,,,,,,
    OMChannelType: 6,,,,,,,,
"    OMValuePattern: ""#",##0.00;-#,"##0.00""",,,,,,
    logger: *1,,,,,,,,
"  - name: ""Batt""",,,,,,,,
    type: value,,,,,,,,
"    unitName: """"",,,,,,,,
    OMClassName: OMVoltage_PipeBattery,,,,,,,,
    OMPartNumber: U30 Battery,,,,,,,,
    OMUnitIndex: 0,,,,,,,,
    OMChannelType: 5,,,,,,,,
"    OMValuePattern: ""#",##0.00;-#,"##0.00""",,,,,,
    logger: *1,,,,,,,,
------------,,,,,,,,
#,"Time, Eastern Daylight Time","Solar Rad, W/m^2","Pressure, mbar","Wind Dir, *","Temp, *C","RH, %","DewPt, *C","Batt, V"
1,5/23/2017 12:00,906,1013.1,302,21.91,52.2,11.69,4.59
2,5/23/2017 12:05,973,1013.1,319,21.44,50.4,10.72,4.59
3,5/23/2017 12:10,916,1013,309,21.68,48.6,10.39,4.59
4,5/23/2017 12:15,844,1013.1,317,21.7,48.6,10.42,4.59
5,5/23/2017 12:20,764,1013,341,21.58,48.6,10.31,4.59
6,5/23/2017 12:25,794,1013,1,20.48,50.2,9.78,4.59
7,5/23/2017 12:30,802,1013.1,345,21.82,50.1,10.98,4.59
8,5/23/2017 12:35,784,1012.9,279,22.23,46.9,10.36,4.59
9,5/23/2017 12:40,748,1012.6,354,22.18,46.9,10.32,4.59
10,5/23/2017 12:45,867,1012.6,326,22.18,47.5,10.51,4.59
11,5/23/2017 12:50,559,1012.5,6,22.15,47.1,10.36,4.59
12,5/23/2017 12:55,688,1012.3,282,21.65,48,10.19,4.59
13,5/23/2017 13:00,527,1012.3,251,22.35,49.1,11.16,4.59
14,5/23/2017 13:05,578,1012.2,247,21.89,47.5,10.25,4.59
15,5/23/2017 13:10,543,1011.9,327,21.63,47.6,10.04,4.59
16,5/23/2017 13:15,487,1011.9,316,21.51,49.3,10.46,4.59
17,5/23/2017 13:20,529,1011.7,279,21.68,47.8,10.15,4.59
18,5/23/2017 13:25,442,1011.7,299,21.75,46.4,9.77,4.59
19,5/23/2017 13:30,449,1011.7,4,20.98,47.5,9.42,4.59
20,5/23/2017 13:35,477,1011.8,323,21.7,48.1,10.26,4.59
21,5/23/2017 13:40,594,1011.8,250,21.87,46.1,9.78,4.59
22,5/23/2017 13:45,649,1011.7,350,21.65,46.7,9.78,4.59
23,5/23/2017 13:50,724,1011.7,338,22.37,46.5,10.36,4.59
24,5/23/2017 13:55,981,1011.4,329,22.13,46.4,10.11,4.59
25,5/23/2017 14:00,764,1011.5,333,22.58,45.4,10.2,4.59
26,5/23/2017 14:05,573,1011.6,316,22.61,46.1,10.45,4.59
27,5/23/2017 14:10,604,1011.5,321,21.8,45,9.35,4.59
28,5/23/2017 14:15,606,1011.3,3,21.8,46.8,9.94,4.59
29,5/23/2017 14:20,526,1011.3,355,21.46,46.6,9.57,4.59
30,5/23/2017 14:25,612,1011.3,298,22.13,46.7,10.21,4.59
31,5/23/2017 14:30,532,1011.3,101,23.33,46.1,11.11,4.59
32,5/23/2017 14:35,501,1011.1,336,22.08,45.7,9.84,4.59
33,5/23/2017 14:40,624,1011.1,13,21.89,46.9,10.06,4.59
34,5/23/2017 14:45,541,1011,350,21.58,47.9,10.09,4.59
35,5/23/2017 14:50,429,1010.9,302,22.15,46.3,10.1,4.59
36,5/23/2017 14:55,391,1011,323,22.15,46.6,10.2,4.59
37,5/23/2017 15:00,473,1010.9,32,21.77,49.7,10.82,4.59
38,5/23/2017 15:05,622,1010.8,35,21.41,51.8,11.11,4.59
39,5/23/2017 15:10,489,1011,51,21.17,54.5,11.66,4.59
40,5/23/2017 15:15,394,1011,131,21.15,54.9,11.75,4.59
41,5/23/2017 15:20,504,1010.8,76,20.22,58.5,11.84,4.59
42,5/23/2017 15:25,381,1011,163,20.89,56.7,11.99,4.59
43,5/23/2017 15:30,434,1011,108,20.89,57.3,12.15,4.59
44,5/23/2017 15:35,444,1010.9,81,20.6,57,11.8,4.59
45,5/23/2017 15:40,502,1010.9,142,21.32,56.4,12.31,4.59
46,5/23/2017 15:45,464,1010.9,126,21.01,56.3,12,4.59
47,5/23/2017 15:50,413,1010.9,100,20.79,57,11.98,4.59
48,5/23/2017 15:55,369,1010.9,70,20.34,58.3,11.9,4.59
49,5/23/2017 16:00,483,1010.7,72,21.27,57,12.43,4.63
50,5/23/2017 16:05,516,1010.7,119,21.15,55.8,11.99,4.59
51,5/23/2017 16:10,429,1010.5,95,21.39,56.5,12.41,4.59
52,5/23/2017 16:15,287,1010.6,62,20.65,57.2,11.9,4.59
53,5/23/2017 16:20,297,1010.5,110,20.67,57,11.87,4.59
54,5/23/2017 16:25,332,1010.5,88,20.2,57.9,11.66,4.59
55,5/23/2017 16:30,321,1010.5,88,20.6,57,11.8,4.59
56,5/23/2017 16:35,324,1010.4,102,20.13,57.9,11.6,4.59
57,5/23/2017 16:40,376,1010.3,79,19.86,58.1,11.4,4.59
58,5/23/2017 16:45,423,1010.3,88,20.94,56.3,11.93,4.6
59,5/23/2017 16:50,466,1010.2,94,21.41,55.4,12.13,4.6
60,5/23/2017 16:55,504,1010.3,91,21.58,54.3,11.98,4.51
61,5/23/2017 17:00,341,1010.5,114,21.39,54.7,11.91,4.57
62,5/23/2017 17:05,188,1010.4,122,20.6,56.3,11.62,4.59
63,5/23/2017 17:10,274,1010.5,83,20.58,56.9,11.76,4.59
64,5/23/2017 17:15,258,1010.7,100,20.72,55.8,11.59,4.59
65,5/23/2017 17:20,259,1010.4,88,20.39,55.5,11.2,4.59
66,5/23/2017 17:25,241,1010.3,87,21.2,55.8,12.04,4.6
67,5/23/2017 17:30,256,1010.2,115,20.65,55.6,11.47,4.59
68,5/23/2017 17:35,269,1010.3,83,20.67,56.2,11.66,4.6
69,5/23/2017 17:40,291,1010.2,67,20.79,55.6,11.61,4.6
70,5/23/2017 17:45,296,1010,129,20.79,55.8,11.66,4.6
71,5/23/2017 17:50,327,1010.2,69,20.39,58.1,11.89,4.6
72,5/23/2017 17:55,322,1010.1,81,21.1,56.6,12.17,4.6
73,5/23/2017 18:00,331,1010.2,102,21.27,55,11.89,4.6
74,5/23/2017 18:05,309,1010.3,70,20.65,56.3,11.66,4.47
75,5/23/2017 18:10,323,1010.4,53,21.51,55.1,12.13,4.54
76,5/23/2017 18:15,293,1010.4,52,22.23,53.3,12.29,4.4
77,5/23/2017 18:20,282,1010.4,72,20.89,55.6,11.69,4.45
78,5/23/2017 18:25,179,1010.3,87,20.79,55.8,11.66,4.48
79,5/23/2017 18:30,203,1010.2,115,20.75,55.8,11.62,4.49
80,5/23/2017 18:35,166,1010.1,139,20.67,56.3,11.68,4.42
81,5/23/2017 18:40,134,1010.1,81,20.06,57.3,11.37,4.45
82,5/23/2017 18:45,122,1010.2,81,19.56,58.2,11.14,4.47
83,5/23/2017 18:50,104,1010.2,107,19.56,58.6,11.24,4.49
84,5/23/2017 18:55,96,1010.4,124,19.65,58.5,11.31,4.51
85,5/23/2017 19:00,82,1010.4,115,19.2,59.4,11.11,4.53
86,5/23/2017 19:05,63,1010.5,98,18.96,59.9,11.02,4.53
87,5/23/2017 19:10,53,1010.3,119,18.91,60.3,11.07,4.47
88,5/23/2017 19:15,44,1010.4,95,18.7,60.6,10.94,4.48
89,5/23/2017 19:20,38,1010.4,70,18.68,61.3,11.1,4.48
90,5/23/2017 19:25,32,1010.5,77,18.63,61.6,11.12,4.48
91,5/23/2017 19:30,26,1010.5,76,18.65,62.1,11.27,4.49
92,5/23/2017 19:35,19,1010.5,80,18.6,61.9,11.18,4.48
93,5/23/2017 19:40,14,1010.5,81,18.51,62.6,11.25,4.48
94,5/23/2017 19:45,11,1010.4,81,18.32,62.7,11.1,4.47
95,5/23/2017 19:50,8,1010.5,81,18.25,62.5,10.98,4.47
96,5/23/2017 19:55,6,1010.4,81,18.1,63.1,10.99,4.47
97,5/23/2017 20:00,3,1010.4,81,18.03,63.3,10.97,4.46
98,5/23/2017 20:05,1,1010.6,81,18.08,62.8,10.9,4.46
99,5/23/2017 20:10,1,1010.8,81,18.2,62.6,10.96,4.29
100,5/23/2017 20:15,2,1010.7,81,17.96,63.2,10.88,4.33
101,5/23/2017 20:20,1,1010.7,81,17.99,63.3,10.93,4.33
102,5/23/2017 20:25,1,1010.8,81,18.08,63.1,10.97,4.34
103,5/23/2017 20:30,1,1010.8,81,18.06,63.2,10.97,4.35
104,5/23/2017 20:35,1,1010.8,81,17.94,63.2,10.86,4.36
105,5/23/2017 20:40,1,1010.8,81,17.87,63.6,10.89,4.36
106,5/23/2017 20:45,1,1010.8,81,17.8,63.7,10.84,4.36
107,5/23/2017 20:50,1,1011,81,17.89,63.3,10.84,4.36
108,5/23/2017 20:55,1,1011,81,17.96,63.2,10.88,4.36
109,5/23/2017 21:00,1,1010.9,81,18.03,63.2,10.95,4.36
110,5/23/2017 21:05,1,1011,81,17.8,63.4,10.77,4.36
111,5/23/2017 21:10,1,1011,81,17.42,64.6,10.69,4.36
112,5/23/2017 21:15,1,1010.9,81,17.44,64.9,10.78,4.36
113,5/23/2017 21:20,1,1011.1,81,17.44,65.4,10.9,4.35
114,5/23/2017 21:25,1,1011.2,81,17.39,65.9,10.97,4.35
115,5/23/2017 21:30,1,1011.1,81,17.46,66.4,11.15,4.35
116,5/23/2017 21:35,1,1011,81,17.58,65.4,11.04,4.36
117,5/23/2017 21:40,1,1011,81,17.56,65.7,11.08,4.36
118,5/23/2017 21:45,1,1010.9,114,17.44,67.1,11.29,4.36
119,5/23/2017 21:50,1,1010.9,139,17.39,68.3,11.51,4.36
120,5/23/2017 21:55,1,1011,146,17.37,68.8,11.6,4.36
121,5/23/2017 22:00,1,1011,174,17.2,69.5,11.59,4.36
122,5/23/2017 22:05,1,1011,170,17.13,70.1,11.65,4.36
123,5/23/2017 22:10,1,1011,168,17.01,70.4,11.6,4.36
124,5/23/2017 22:15,1,1010.9,168,16.87,71.2,11.64,4.36
125,5/23/2017 22:20,1,1011,173,16.87,71.5,11.7,4.28
126,5/23/2017 22:25,1,1010.9,164,16.94,71.9,11.85,4.32
127,5/23/2017 22:30,1,1010.9,185,16.7,72.3,11.71,4.27
128,5/23/2017 22:35,1,1010.9,174,16.63,73.1,11.81,4.32
129,5/23/2017 22:40,1,1010.9,178,16.49,73.4,11.73,4.32
130,5/23/2017 22:45,1,1010.9,174,16.32,74,11.69,4.33
131,5/23/2017 22:50,1,1010.9,167,16.3,74.6,11.79,4.28
132,5/23/2017 22:55,1,1010.9,163,16.25,75.1,11.85,4.3
133,5/23/2017 23:00,1,1010.8,115,16.18,75.4,11.84,4.32
134,5/23/2017 23:05,1,1010.9,80,16.11,75.9,11.87,4.32
135,5/23/2017 23:10,1,1011,95,16.03,76.4,11.9,4.33
136,5/23/2017 23:15,1,1010.8,95,16.06,76.7,11.98,4.33
137,5/23/2017 23:20,1,1010.8,95,16.06,76.8,12,4.34
138,5/23/2017 23:25,1,1010.7,122,16.15,77,12.14,4.34
139,5/23/2017 23:30,1,1010.8,160,15.99,77,11.97,4.32
140,5/23/2017 23:35,1,1010.7,173,16.06,77.7,12.18,4.32
141,5/23/2017 23:40,1,1010.8,173,16.11,77.7,12.23,4.33
142,5/23/2017 23:45,1,1010.8,173,15.96,77.7,12.09,4.33
143,5/23/2017 23:50,1,1010.6,173,15.8,77.9,11.97,4.33
144,5/23/2017 23:55,1,1010.6,173,15.77,78.3,12.02,4.33
145,5/24/2017 0:00,1,1010.6,173,15.65,78.7,11.98,4.33
146,5/24/2017 0:05,1,1010.6,173,15.58,78.9,11.95,4.34
147,5/24/2017 0:10,1,1010.5,173,15.6,79.6,12.11,4.34
148,5/24/2017 0:15,1,1010.5,174,15.75,79.8,12.29,4.36
149,5/24/2017 0:20,1,1010.5,173,15.65,79.9,12.21,4.34
150,5/24/2017 0:25,1,1010.4,177,15.7,80.2,12.31,4.3
151,5/24/2017 0:30,1,1010.4,177,15.6,80.3,12.24,4.32
152,5/24/2017 0:35,1,1010.5,168,15.56,80.8,12.29,4.32
153,5/24/2017 0:40,1,1010.6,170,15.56,81.2,12.36,4.33
154,5/24/2017 0:45,1,1010.6,177,15.46,81.3,12.29,4.33
155,5/24/2017 0:50,1,1010.5,180,15.34,81.9,12.28,4.33
156,5/24/2017 0:55,1,1010.6,185,15.32,82,12.28,4.33
157,5/24/2017 1:00,1,1010.4,177,15.22,82.3,12.24,4.33
158,5/24/2017 1:05,1,1010.4,171,15.2,82.6,12.27,4.33
159,5/24/2017 1:10,1,1010.3,188,15.1,82.7,12.2,4.33
160,5/24/2017 1:15,1,1010.3,233,15.1,82.8,12.22,4.33
161,5/24/2017 1:20,1,1010,233,15.08,83.2,12.27,4.33
162,5/24/2017 1:25,1,1010,233,14.98,83.2,12.17,4.3
163,5/24/2017 1:30,1,1009.8,232,14.96,83.4,12.19,4.32
164,5/24/2017 1:35,1,1009.9,232,14.94,83.7,12.22,4.32
165,5/24/2017 1:40,1,1010,232,14.89,83.9,12.21,4.32
166,5/24/2017 1:45,1,1010,232,14.86,83.9,12.18,4.32
167,5/24/2017 1:50,1,1010.1,232,14.86,84.2,12.24,4.33
168,5/24/2017 1:55,1,1010,232,14.84,84.3,12.23,4.33
169,5/24/2017 2:00,1,1010.1,232,14.86,84.5,12.29,4.33
170,5/24/2017 2:05,1,1010,232,14.84,84.4,12.25,4.33
171,5/24/2017 2:10,1,1009.9,232,14.89,84.4,12.3,4.33
172,5/24/2017 2:15,1,1010,232,14.89,84.5,12.32,4.33
173,5/24/2017 2:20,1,1009.8,232,14.89,84.4,12.3,4.33
174,5/24/2017 2:25,1,1009.7,233,14.89,84.3,12.28,4.28
175,5/24/2017 2:30,1,1009.6,233,14.86,84.4,12.27,4.31
176,5/24/2017 2:35,1,1009.4,233,14.91,84.5,12.34,4.32
177,5/24/2017 2:40,1,1009.4,233,14.98,84.5,12.41,4.32
178,5/24/2017 2:45,1,1009.7,232,15.06,84.6,12.5,4.32
179,5/24/2017 2:50,1,1009.7,232,15.17,84.4,12.58,4.32
180,5/24/2017 2:55,1,1009.6,232,15.15,84.2,12.52,4.32
181,5/24/2017 3:00,1,1009.5,223,15.1,84.2,12.47,4.32
182,5/24/2017 3:05,1,1009.5,188,14.98,84.5,12.41,4.32
183,5/24/2017 3:10,1,1009.6,188,14.91,84.6,12.36,4.32
184,5/24/2017 3:15,1,1009.5,188,14.94,84.8,12.42,4.32
185,5/24/2017 3:20,1,1009.6,188,14.94,84.8,12.42,4.32
186,5/24/2017 3:25,1,1009.8,188,14.96,85,12.48,4.3
187,5/24/2017 3:30,1,1009.7,188,14.91,85.2,12.46,4.27
188,5/24/2017 3:35,1,1009.7,188,14.82,85.3,12.39,4.25
189,5/24/2017 3:40,1,1009.7,185,14.67,85.6,12.3,4.28
190,5/24/2017 3:45,1,1009.5,184,14.53,85.8,12.2,4.29
191,5/24/2017 3:50,1,1009.4,184,14.55,85.9,12.24,4.3
192,5/24/2017 3:55,1,1009.4,184,14.48,85.9,12.17,4.3
193,5/24/2017 4:00,1,1009.3,184,14.58,86,12.28,4.3
194,5/24/2017 4:05,1,1009.3,184,14.58,85.8,12.24,4.31
195,5/24/2017 4:10,1,1009.2,184,14.53,85.7,12.18,4.31
196,5/24/2017 4:15,1,1009.2,184,14.55,85.8,12.22,4.32
197,5/24/2017 4:20,1,1009.2,184,14.6,85.8,12.27,4.32
198,5/24/2017 4:25,1,1009.2,184,14.55,85.7,12.2,4.32
199,5/24/2017 4:30,1,1009.2,184,14.67,85.6,12.3,4.32
200,5/24/2017 4:35,1,1009.2,184,14.67,85.5,12.28,4.29
201,5/24/2017 4:40,1,1009.3,184,14.65,85.6,12.28,4.3
202,5/24/2017 4:45,1,1009.1,184,14.6,85.8,12.27,4.3
203,5/24/2017 4:50,1,1009,184,14.6,85.9,12.28,4.3
204,5/24/2017 4:55,1,1009.2,184,14.62,85.8,12.29,4.3
205,5/24/2017 5:00,1,1009.2,184,14.62,86.1,12.34,4.31
206,5/24/2017 5:05,1,1009.1,184,14.65,86.1,12.37,4.31
207,5/24/2017 5:10,1,1009.2,184,14.62,86.1,12.34,4.32
208,5/24/2017 5:15,1,1009.2,184,14.72,86,12.42,4.32
209,5/24/2017 5:20,1,1009.1,184,14.79,85.9,12.47,4.32
210,5/24/2017 5:25,1,1009.2,184,14.82,85.9,12.5,4.32
211,5/24/2017 5:30,3,1009,184,14.98,85.6,12.61,4.32
212,5/24/2017 5:35,6,1009.2,184,15.03,85.4,12.62,4.25
213,5/24/2017 5:40,8,1009.3,184,15.13,85.2,12.68,4.25
214,5/24/2017 5:45,12,1009.2,184,15.1,85.2,12.65,4.2
215,5/24/2017 5:50,14,1009.1,184,15.03,85.1,12.56,4.25
216,5/24/2017 5:55,14,1009.3,184,15.06,85,12.57,4.27
217,5/24/2017 6:00,16,1009.2,184,15.03,85,12.55,4.28
218,5/24/2017 6:05,17,1009.3,184,15.17,85.1,12.71,4.22
219,5/24/2017 6:10,17,1009.3,184,15.27,84.8,12.75,4.25
220,5/24/2017 6:15,19,1009.3,184,15.34,84.9,12.83,4.27
221,5/24/2017 6:20,22,1009.1,184,15.39,84.6,12.83,4.28
222,5/24/2017 6:25,24,1009.2,184,15.51,84.3,12.89,4.29
223,5/24/2017 6:30,27,1009.1,184,15.68,84.1,13.02,4.3
224,5/24/2017 6:35,32,1009.3,184,15.68,83.9,12.98,4.3
225,5/24/2017 6:40,39,1009.2,184,15.68,83.9,12.98,4.31
226,5/24/2017 6:45,43,1009.2,183,15.7,83.9,13,4.3
227,5/24/2017 6:50,51,1009.2,183,15.82,83.7,13.08,4.31
228,5/24/2017 6:55,56,1009.2,183,15.99,83.3,13.17,4.32
229,5/24/2017 7:00,54,1009.4,177,15.94,83.1,13.09,4.33
230,5/24/2017 7:05,56,1009.2,118,15.96,82.9,13.08,4.34
231,5/24/2017 7:10,53,1009,119,16.01,82.7,13.09,4.35
232,5/24/2017 7:15,69,1009.2,129,16.03,82.4,13.05,4.36
233,5/24/2017 7:20,92,1009.3,129,16.03,82.4,13.05,4.38
234,5/24/2017 7:25,106,1009.3,124,16.13,82.3,13.13,4.4
235,5/24/2017 7:30,101,1009.4,107,16.39,81.8,13.29,4.43
236,5/24/2017 7:35,87,1009.3,108,16.39,81.5,13.24,4.44
237,5/24/2017 7:40,83,1009.3,108,16.44,81.3,13.24,4.45
238,5/24/2017 7:45,77,1009.2,100,16.39,81,13.14,4.44
239,5/24/2017 7:50,64,1009.3,63,15.99,81.2,12.78,4.45
240,5/24/2017 7:55,64,1009.3,41,15.94,81.7,12.83,4.45
241,5/24/2017 8:00,67,1009.4,21,15.96,81.7,12.85,4.46
242,5/24/2017 8:05,68,1009.6,72,15.91,82.1,12.88,4.46
243,5/24/2017 8:10,62,1009.5,72,15.99,82.3,12.99,4.47
244,5/24/2017 8:15,83,1009.4,73,15.8,82.6,12.86,4.48
245,5/24/2017 8:20,136,1009.4,69,15.87,82.8,12.96,4.5
246,5/24/2017 8:25,173,1009.4,55,15.99,82.2,12.97,4.53
247,5/24/2017 8:30,168,1009.4,63,16.06,81.7,12.95,4.56
248,5/24/2017 8:35,136,1009.4,72,16.15,82,13.1,4.56
249,5/24/2017 8:40,93,1009.5,93,16.15,81.5,13,4.56
250,5/24/2017 8:45,83,1009.3,73,15.84,82.2,12.83,4.45
251,5/24/2017 8:50,116,1009.5,69,15.91,82,12.86,4.49
252,5/24/2017 8:55,178,1009.5,76,15.96,81.7,12.85,4.53
253,5/24/2017 9:00,208,1009.4,81,16.11,81.5,12.96,4.56
254,5/24/2017 9:05,248,1009.2,49,16.25,81,13,4.56
255,5/24/2017 9:10,302,1009.4,104,16.51,81.2,13.29,4.57
256,5/24/2017 9:15,334,1009.3,102,16.77,79.7,13.26,4.57
257,5/24/2017 9:20,361,1009.4,108,16.56,79.6,13.04,4.57
258,5/24/2017 9:25,333,1009.5,132,17.11,79.4,13.53,4.57
259,5/24/2017 9:30,379,1009.3,97,17.22,78.7,13.51,4.59
260,5/24/2017 9:35,338,1009.2,100,17.53,77.9,13.65,4.57
261,5/24/2017 9:40,254,1009.3,79,17.37,77.2,13.35,4.57
262,5/24/2017 9:45,211,1009.2,102,16.99,77.4,13.02,4.57
263,5/24/2017 9:50,202,1009.2,72,16.99,77.4,13.02,4.54
264,5/24/2017 9:55,213,1009.3,77,17.11,77.3,13.12,4.54
265,5/24/2017 10:00,221,1009.5,97,16.82,77.1,12.8,4.51
266,5/24/2017 10:05,212,1009.3,86,16.99,77.3,13,4.51
267,5/24/2017 10:10,219,1009.4,131,17.13,76.6,13,4.56
268,5/24/2017 10:15,242,1009.3,101,17.39,76.5,13.24,4.61
269,5/24/2017 10:20,206,1009.5,87,17.11,75.7,12.8,4.48
270,5/24/2017 10:25,237,1009.4,48,16.82,75.8,12.54,4.54
271,5/24/2017 10:30,227,1009.6,72,16.72,75.6,12.41,4.61
272,5/24/2017 10:35,202,1009.7,56,16.77,75.6,12.46,4.57
273,5/24/2017 10:40,174,1009.9,59,16.99,74.7,12.48,4.59
274,5/24/2017 10:45,201,1009.7,86,17.15,73.9,12.48,4.59
275,5/24/2017 10:50,252,1009.5,73,17.49,72.9,12.59,4.59
276,5/24/2017 10:55,308,1009.6,65,17.65,71.1,12.37,4.59
277,5/24/2017 11:00,369,1009.6,63,17.68,70.7,12.31,4.5
278,5/24/2017 11:05,277,1009.8,74,18.15,70.1,12.63,4.56
279,5/24/2017 11:10,232,1009.9,76,18.2,69.3,12.5,4.57
280,5/24/2017 11:15,219,1009.9,67,18.06,69.4,12.39,4.59
281,5/24/2017 11:20,194,1010,84,17.87,69.5,12.23,4.59
282,5/24/2017 11:25,237,1009.9,45,17.75,70,12.22,4.59
283,5/24/2017 11:30,286,1009.9,56,17.91,69.9,12.36,4.59
284,5/24/2017 11:35,317,1010,83,18.6,68.8,12.78,4.59
285,5/24/2017 11:40,354,1009.8,67,18.82,66,12.35,4.59
286,5/24/2017 11:45,394,1009.8,97,19.2,65.5,12.6,4.59
287,5/24/2017 11:50,512,1009.8,79,19.22,64.1,12.29,4.59
288,5/24/2017 11:55,547,1009.6,56,19.29,63.9,12.31,4.59
289,5/24/2017 12:00,501,1009.7,81,19.51,62.9,12.27,4.59
290,5/24/2017 12:05,389,1009.8,138,19.98,62.8,12.7,4.59
291,5/24/2017 12:10,343,1009.7,70,19.25,63.3,12.12,4.59
292,5/24/2017 12:15,352,1009.6,102,19.51,61.7,11.98,4.59
293,5/24/2017 12:20,384,1009.6,101,19.56,62.6,12.24,4.59
294,5/24/2017 12:25,402,1009.5,87,19.53,62.1,12.1,4.59
295,5/24/2017 12:30,423,1009.7,67,19.37,62.6,12.06,4.59
296,5/24/2017 12:35,434,1009.8,83,19.27,63.3,12.14,4.59
297,5/24/2017 12:40,413,1009.7,84,19.58,62.9,12.34,4.59
298,5/24/2017 12:45,401,1009.7,104,19.89,61.3,12.24,4.59
299,5/24/2017 12:50,422,1009.7,86,19.56,62,12.1,4.59
300,5/24/2017 12:55,392,1009.7,177,19.56,61.7,12.02,4.59
301,5/24/2017 13:00,359,1009.8,83,19.01,62.1,11.61,4.59
302,5/24/2017 13:05,369,1009.8,53,19.29,62.6,12,4.59
303,5/24/2017 13:10,377,1009.9,63,18.96,62.8,11.73,4.59
304,5/24/2017 13:15,376,1010,94,19.08,63,11.89,4.59
305,5/24/2017 13:20,349,1009.9,105,18.65,62,11.24,4.59
306,5/24/2017 13:25,339,1009.9,62,18.58,63.2,11.47,4.59
307,5/24/2017 13:30,289,1010.1,88,18.6,62.4,11.3,4.59
308,5/24/2017 13:35,297,1010.2,90,18.56,62.5,11.28,4.59
309,5/24/2017 13:40,349,1010.2,58,19.08,60.9,11.38,4.61
310,5/24/2017 13:45,378,1010.1,101,19.46,61.6,11.91,4.59
311,5/24/2017 13:50,393,1010.2,121,19.46,61.9,11.98,4.59
312,5/24/2017 13:55,396,1010.1,126,19.44,61.1,11.76,4.59
313,5/24/2017 14:00,354,1010.3,100,19.39,60.3,11.52,4.59
314,5/24/2017 14:05,339,1010.4,86,19.32,61.6,11.77,4.59
315,5/24/2017 14:10,444,1010.1,117,19.48,60.3,11.61,4.59
316,5/24/2017 14:15,566,1009.8,101,19.53,61,11.83,4.59
317,5/24/2017 14:20,563,1009.8,114,19.98,60.5,12.13,4.59
318,5/24/2017 14:25,506,1009.8,77,19.27,60.3,11.41,4.59
319,5/24/2017 14:30,502,1009.8,95,19.44,60.4,11.59,4.59
320,5/24/2017 14:35,524,1009.6,87,19.7,60,11.73,4.59
321,5/24/2017 14:40,522,1009.7,84,20.36,59.6,12.26,4.59
322,5/24/2017 14:45,498,1009.7,122,20.01,58.6,11.67,4.6
323,5/24/2017 14:50,611,1009.6,122,20.36,58.5,11.98,4.59
324,5/24/2017 14:55,783,1009.5,111,20.53,59.4,12.36,4.59
325,5/24/2017 15:00,621,1009.5,90,19.86,57.8,11.33,4.59
326,5/24/2017 15:05,617,1009.4,72,19.72,59,11.5,4.59
327,5/24/2017 15:10,797,1009.1,105,20.75,56.6,11.83,4.59
328,5/24/2017 15:15,903,1009.1,104,20.36,57.6,11.74,4.6
329,5/24/2017 15:20,448,1009,79,19.6,56.3,10.68,4.59
330,5/24/2017 15:25,694,1008.8,77,19.48,58,11.02,4.59
331,5/24/2017 15:30,858,1008.7,114,19.75,57.6,11.16,4.59
332,5/24/2017 15:35,793,1008.5,119,19.65,58.3,11.26,4.59
333,5/24/2017 15:40,492,1008.7,102,19.32,59.5,11.25,4.59
334,5/24/2017 15:45,396,1009.2,104,19.34,59.9,11.37,4.59
335,5/24/2017 15:50,372,1009.4,100,18.84,62,11.42,4.59
336,5/24/2017 15:55,393,1009.1,112,18.53,60.9,10.86,4.59
337,5/24/2017 16:00,391,1009.4,100,18.63,60.3,10.8,4.59
338,5/24/2017 16:05,351,1009.6,108,18.41,61.7,10.95,4.61
339,5/24/2017 16:10,331,1009.8,110,17.89,62.8,10.72,4.59
340,5/24/2017 16:15,347,1010,104,18.06,63.2,10.97,4.59
341,5/24/2017 16:20,346,1010,114,18.3,63.3,11.22,4.59
342,5/24/2017 16:25,351,1010.1,97,18.51,63.2,11.4,4.59
343,5/24/2017 16:30,349,1010.2,73,18.53,63,11.37,4.59
344,5/24/2017 16:35,317,1010.3,125,18.39,63.1,11.26,4.59
345,5/24/2017 16:40,321,1010.2,81,18.34,64.5,11.55,4.6
346,5/24/2017 16:45,294,1010.3,91,17.75,66,11.33,4.59
347,5/24/2017 16:50,318,1010.3,102,17.89,65.6,11.38,4.6
348,5/24/2017 16:55,357,1010.4,84,17.82,65.7,11.33,4.6
349,5/24/2017 17:00,506,1010.3,93,18.08,64.9,11.39,4.6
350,5/24/2017 17:05,478,1010.2,81,18.15,63.7,11.18,4.6
351,5/24/2017 17:10,516,1010.2,79,18.32,64.5,11.53,4.6
352,5/24/2017 17:15,393,1010.4,93,18.98,63,11.8,4.6
353,5/24/2017 17:20,323,1010.5,105,18.87,62.6,11.59,4.49
354,5/24/2017 17:25,216,1010.7,100,17.46,64.8,10.78,4.54
355,5/24/2017 17:30,204,1010.9,98,17.34,66.9,11.15,4.56
356,5/24/2017 17:35,209,1011,95,17.39,67,11.22,4.59
357,5/24/2017 17:40,219,1011.1,91,17.15,66.3,10.83,4.59
358,5/24/2017 17:45,209,1011.2,97,17.25,67,11.08,4.59
359,5/24/2017 17:50,239,1011.3,90,17.37,67.3,11.26,4.6
360,5/24/2017 17:55,254,1011.1,80,17.44,66.8,11.22,4.6
361,5/24/2017 18:00,256,1011.1,95,17.37,66.9,11.17,4.6
362,5/24/2017 18:05,252,1011.2,101,17.49,66.9,11.29,4.6
363,5/24/2017 18:10,263,1011.2,98,17.25,67.2,11.13,4.6
364,5/24/2017 18:15,278,1011.3,77,17.27,66.9,11.08,4.6
365,5/24/2017 18:20,219,1011.2,79,17.18,67.4,11.1,4.6
366,5/24/2017 18:25,179,1011.1,101,17.13,67.3,11.04,4.54
367,5/24/2017 18:30,182,1011.1,122,17.18,67,11.01,4.45
368,5/24/2017 18:35,186,1011,101,16.61,67.4,10.56,4.44
369,5/24/2017 18:40,204,1010.9,104,16.77,67.7,10.79,4.46
370,5/24/2017 18:45,144,1011.1,104,16.61,68.1,10.71,4.47
371,5/24/2017 18:50,178,1010.9,83,16.44,68.8,10.71,4.48
372,5/24/2017 18:55,161,1010.8,83,16.58,69.1,10.91,4.5
373,5/24/2017 19:00,158,1010.8,88,16.92,69.6,11.34,4.51
374,5/24/2017 19:05,144,1010.7,95,16.58,69,10.89,4.51
375,5/24/2017 19:10,126,1010.7,87,16.37,69.8,10.86,4.53
376,5/24/2017 19:15,118,1010.6,77,15.94,70.7,10.64,4.53
377,5/24/2017 19:20,89,1010.6,86,15.89,72.1,10.89,4.54
378,5/24/2017 19:25,69,1010.7,91,15.72,72.2,10.75,4.53
379,5/24/2017 19:30,21,1010.7,112,15.63,72.5,10.72,4.53
380,5/24/2017 19:35,19,1010.7,87,15.6,72.6,10.72,4.48
381,5/24/2017 19:40,21,1010.5,84,15.49,72.9,10.66,4.48
382,5/24/2017 19:45,21,1010.6,93,15.37,73.4,10.65,4.48
383,5/24/2017 19:50,18,1010.7,114,15.29,73.5,10.6,4.48
384,5/24/2017 19:55,14,1010.9,115,15.15,73.7,10.5,4.48
385,5/24/2017 20:00,9,1011,100,14.98,74.5,10.5,4.48
386,5/24/2017 20:05,7,1011.1,100,14.98,75.3,10.67,4.47
387,5/24/2017 20:10,6,1011.1,90,14.67,75.4,10.38,4.47
388,5/24/2017 20:15,4,1011.2,102,14.58,75.7,10.35,4.47
389,5/24/2017 20:20,1,1011.5,121,14.53,76,10.36,4.46
390,5/24/2017 20:25,1,1011.5,111,14.55,76.2,10.43,4.46
391,5/24/2017 20:30,1,1011.9,105,14.46,76.4,10.37,4.46
392,5/24/2017 20:35,1,1011.8,111,14.46,76.3,10.35,4.42
393,5/24/2017 20:40,1,1011.9,77,14.48,76.4,10.4,4.43
394,5/24/2017 20:45,1,1012,95,14.51,76.5,10.44,4.42
395,5/24/2017 20:50,1,1012,122,14.46,76.6,10.41,4.42
396,5/24/2017 20:55,1,1012,91,14.51,77,10.54,4.42
397,5/24/2017 21:00,1,1012.3,102,14.41,76.7,10.39,4.42
398,5/24/2017 21:05,1,1012.5,94,14.43,76.8,10.43,4.42
399,5/24/2017 21:10,1,1012.4,100,14.39,77.2,10.46,4.42
400,5/24/2017 21:15,1,1012.4,102,14.31,77.4,10.43,4.42
401,5/24/2017 21:20,1,1012.6,146,14.29,77.6,10.44,4.41
402,5/24/2017 21:25,1,1012.4,110,14.24,78,10.47,4.41
403,5/24/2017 21:30,1,1012.6,87,14.17,78,10.4,4.41
404,5/24/2017 21:35,1,1012.9,94,14.15,77.9,10.36,4.37
405,5/24/2017 21:40,1,1012.9,81,14.17,78,10.4,4.38
406,5/24/2017 21:45,1,1013.1,95,14.19,77.4,10.31,4.38
407,5/24/2017 21:50,1,1013.2,79,14.15,77.4,10.27,4.38
408,5/24/2017 21:55,1,1013.1,97,14.15,77.3,10.25,4.38
409,5/24/2017 22:00,1,1013.1,77,14.19,77.5,10.33,4.38
410,5/24/2017 22:05,1,1012.8,79,14.22,77.3,10.32,4.38
411,5/24/2017 22:10,1,1012.9,83,14.17,77.1,10.23,4.37
412,5/24/2017 22:15,1,1012.8,110,14.24,77.3,10.34,4.37
413,5/24/2017 22:20,1,1012.9,91,14.17,77.1,10.23,4.37
414,5/24/2017 22:25,1,1012.8,95,14.1,77.3,10.2,4.37
415,5/24/2017 22:30,1,1012.8,76,14.1,77.4,10.22,4.37
416,5/24/2017 22:35,1,1012.5,101,14.17,78,10.4,4.25
417,5/24/2017 22:40,1,1012.5,88,14.12,77.8,10.32,4.32
418,5/24/2017 22:45,1,1012.5,86,14.05,77.8,10.25,4.32
419,5/24/2017 22:50,1,1012.5,90,14,78,10.24,4.34
420,5/24/2017 22:55,1,1012.4,88,14.03,78.3,10.32,4.35
421,5/24/2017 23:00,1,1012.4,104,14,78.4,10.32,4.35
422,5/24/2017 23:05,1,1012.5,117,13.98,78.5,10.31,4.36
423,5/24/2017 23:10,1,1012.6,115,14.05,78.3,10.35,4.36
424,5/24/2017 23:15,1,1012.6,111,14.12,77.9,10.34,4.36
425,5/24/2017 23:20,1,1012.5,107,14.05,78,10.29,4.36
426,5/24/2017 23:25,1,1012.6,107,14,78.2,10.28,4.36
427,5/24/2017 23:30,1,1012.7,107,14.03,78.1,10.28,4.36
428,5/24/2017 23:35,1,1012.5,108,13.93,78.1,10.19,4.36
429,5/24/2017 23:40,1,1012.5,108,14.07,78.4,10.39,4.36
430,5/24/2017 23:45,1,1012.6,108,14.05,78.3,10.35,4.34
431,5/24/2017 23:50,1,1012.6,108,14,78.3,10.3,4.35
432,5/24/2017 23:55,1,1012.7,108,13.71,78.7,10.1,4.35
433,5/25/2017 0:00,1,1012.9,108,13.62,79.1,10.08,4.36
434,5/25/2017 0:05,1,1012.9,108,13.64,79.7,10.21,4.36
435,5/25/2017 0:10,1,1012.7,107,13.83,79.2,10.31,4.36
436,5/25/2017 0:15,1,1012.9,107,13.79,79,10.22,4.39
437,5/25/2017 0:20,1,1012.9,107,13.88,79.2,10.35,4.39
438,5/25/2017 0:25,1,1013,107,13.91,79.2,10.38,4.36
439,5/25/2017 0:30,1,1012.9,107,13.81,79,10.25,4.36
440,5/25/2017 0:35,1,1013.2,107,13.83,79.1,10.29,4.36
441,5/25/2017 0:40,1,1013.2,107,13.88,79,10.32,4.36
442,5/25/2017 0:45,1,1013.1,107,13.79,79,10.22,4.29
443,5/25/2017 0:50,1,1013.2,107,13.69,79.8,10.28,4.34
444,5/25/2017 0:55,1,1013.1,107,13.76,80.8,10.54,4.27
445,5/25/2017 1:00,1,1013.2,107,13.71,80.6,10.45,4.32
446,5/25/2017 1:05,1,1013.1,107,13.81,80.3,10.49,4.33
447,5/25/2017 1:10,1,1013.2,107,13.79,79.5,10.32,4.35
448,5/25/2017 1:15,1,1013.1,107,13.71,79.8,10.3,4.34
449,5/25/2017 1:20,1,1013.1,107,13.79,79.8,10.37,4.34
450,5/25/2017 1:25,1,1013,107,13.83,79.6,10.38,4.34
451,5/25/2017 1:30,1,1013.1,107,13.79,79.6,10.34,4.34
452,5/25/2017 1:35,1,1013,101,13.86,79.6,10.41,4.35
453,5/25/2017 1:40,1,1012.9,100,13.81,79.8,10.4,4.35
454,5/25/2017 1:45,1,1012.8,97,13.71,79.7,10.28,4.35
455,5/25/2017 1:50,1,1012.7,67,13.81,79,10.25,4.35
456,5/25/2017 1:55,1,1012.8,60,13.71,79,10.15,4.35
457,5/25/2017 2:00,1,1012.6,70,13.62,79.8,10.21,4.35
458,5/25/2017 2:05,1,1012.5,58,13.55,80.3,10.23,4.35
459,5/25/2017 2:10,1,1012.5,73,13.47,80.7,10.24,4.35
460,5/25/2017 2:15,1,1012.4,74,13.4,81.1,10.24,4.33
461,5/25/2017 2:20,1,1012.5,80,13.35,81.5,10.27,4.34
462,5/25/2017 2:25,1,1012.5,74,13.31,82,10.31,4.34
463,5/25/2017 2:30,1,1012.5,83,13.31,82.1,10.33,4.34
464,5/25/2017 2:35,1,1012.4,76,13.28,82.2,10.32,4.35
465,5/25/2017 2:40,1,1012.5,46,13.33,82.3,10.39,4.35
466,5/25/2017 2:45,1,1012.6,77,13.31,82,10.31,4.35
467,5/25/2017 2:50,1,1012.5,69,13.28,82.2,10.32,4.35
468,5/25/2017 2:55,1,1012.6,62,13.23,82.4,10.31,4.35
469,5/25/2017 3:00,1,1012.4,84,13.21,82.7,10.34,4.35
470,5/25/2017 3:05,1,1012.4,70,13.14,82.9,10.31,4.35
471,5/25/2017 3:10,1,1012.4,90,13.14,83.4,10.4,4.35
472,5/25/2017 3:15,1,1012.3,60,13.09,83.9,10.44,4.27
473,5/25/2017 3:20,1,1012.3,102,13.09,84.3,10.51,4.3
474,5/25/2017 3:25,1,1012.2,100,13.09,84.5,10.55,4.27
475,5/25/2017 3:30,1,1012.2,79,13.09,84.6,10.57,4.29
476,5/25/2017 3:35,1,1012.2,93,13.04,84.8,10.56,4.3
477,5/25/2017 3:40,1,1012.1,84,13.02,85.2,10.6,4.31
478,5/25/2017 3:45,1,1012.1,83,13.11,84.7,10.61,4.25
479,5/25/2017 3:50,1,1012.2,83,13.06,84.7,10.56,4.28
480,5/25/2017 3:55,1,1012.2,70,12.99,85.1,10.56,4.29
481,5/25/2017 4:00,1,1012.2,77,12.97,85.6,10.63,4.3
482,5/25/2017 4:05,1,1012.3,91,12.97,85.7,10.64,4.3
483,5/25/2017 4:10,1,1012.3,84,12.99,86,10.72,4.3
484,5/25/2017 4:15,1,1012.4,60,12.99,86.1,10.74,4.3
485,5/25/2017 4:20,1,1012.4,93,12.97,86.3,10.75,4.3
486,5/25/2017 4:25,1,1012.5,104,12.92,86.6,10.75,4.29
487,5/25/2017 4:30,1,1012.6,73,12.99,86.8,10.86,4.3
488,5/25/2017 4:35,1,1012.6,65,13.04,86.7,10.89,4.3
489,5/25/2017 4:40,1,1012.7,80,12.99,86.6,10.82,4.3
490,5/25/2017 4:45,1,1012.6,70,13.02,86.6,10.85,4.3
491,5/25/2017 4:50,1,1012.6,66,13.02,86.3,10.8,4.31
492,5/25/2017 4:55,1,1012.6,69,13.02,85.8,10.71,4.31
493,5/25/2017 5:00,1,1012.4,73,13.06,85.7,10.74,4.31
494,5/25/2017 5:05,1,1012.5,88,13.04,85.7,10.71,4.32
495,5/25/2017 5:10,1,1012.5,48,12.99,85.7,10.67,4.32
496,5/25/2017 5:15,1,1012.5,63,13.02,85.4,10.64,4.32
497,5/25/2017 5:20,1,1012.5,72,13.02,85.5,10.66,4.22
498,5/25/2017 5:25,2,1012.4,74,13.04,85.4,10.66,4.25
499,5/25/2017 5:30,4,1012.4,73,12.99,85.3,10.6,4.25
500,5/25/2017 5:35,7,1012.4,59,13.04,85.1,10.61,4.27
501,5/25/2017 5:40,11,1012.6,86,13.04,85.3,10.64,4.28
502,5/25/2017 5:45,14,1012.6,67,12.97,85.1,10.54,4.29
503,5/25/2017 5:50,18,1012.6,73,12.99,85,10.54,4.29
504,5/25/2017 5:55,21,1012.6,65,13.02,85,10.57,4.3
505,5/25/2017 6:00,22,1012.8,80,12.99,84.8,10.51,4.3
506,5/25/2017 6:05,27,1012.6,72,13.04,84.9,10.57,4.3
507,5/25/2017 6:10,28,1012.5,59,13.18,84.4,10.63,4.3
508,5/25/2017 6:15,29,1012.6,52,13.14,84.3,10.56,4.31
509,5/25/2017 6:20,33,1012.7,63,13.14,84.6,10.61,4.32
510,5/25/2017 6:25,34,1012.6,66,13.16,84.3,10.59,4.32
511,5/25/2017 6:30,39,1012.7,73,13.26,84.4,10.7,4.3
512,5/25/2017 6:35,43,1012.7,62,13.16,84.1,10.55,4.32
513,5/25/2017 6:40,48,1012.7,76,13.11,84.4,10.56,4.32
514,5/25/2017 6:45,56,1012.8,65,13.14,84.3,10.56,4.33
515,5/25/2017 6:50,57,1012.8,67,13.23,84.3,10.66,4.34
516,5/25/2017 6:55,52,1012.9,65,13.23,84.1,10.62,4.35
517,5/25/2017 7:00,47,1012.8,58,13.31,84.1,10.69,4.35
518,5/25/2017 7:05,42,1012.6,45,13.4,84,10.77,4.37
519,5/25/2017 7:10,47,1012.6,67,13.45,83.9,10.8,4.39
520,5/25/2017 7:15,59,1012.6,73,13.26,83.9,10.61,4.38
521,5/25/2017 7:20,61,1012.6,69,13.23,84.3,10.66,4.39
522,5/25/2017 7:25,62,1012.7,60,13.23,84.3,10.66,4.4
523,5/25/2017 7:30,69,1012.5,59,13.23,84,10.6,4.38
524,5/25/2017 7:35,67,1012.6,59,13.31,83.8,10.64,4.39
525,5/25/2017 7:40,66,1012.7,58,13.35,83.4,10.61,4.41
526,5/25/2017 7:45,66,1012.5,70,13.4,83.1,10.61,4.42
527,5/25/2017 7:50,67,1012.4,53,13.47,82.7,10.6,4.43
528,5/25/2017 7:55,78,1012.5,63,13.55,81.9,10.53,4.45
529,5/25/2017 8:00,84,1012.4,62,13.45,81.8,10.42,4.46
530,5/25/2017 8:05,84,1012.4,66,13.43,81.9,10.41,4.47
531,5/25/2017 8:10,81,1012.5,74,13.4,82.6,10.52,4.48
532,5/25/2017 8:15,77,1012.6,67,13.26,82.9,10.43,4.48
533,5/25/2017 8:20,67,1012.7,73,13.23,83.9,10.58,4.49
534,5/25/2017,61,1012.6,52,12.94,84.8,10.46,4.49
535,5/25/2017 8:30,66,1012.6,67,12.9,85.5,10.54,4.48
536,5/25/2017 8:35,69,1012.5,70,12.87,85.7,10.55,4.49
537,5/25/2017 8:40,68,1012.7,58,12.92,85.7,10.6,4.5
538,5/25/2017 8:45,76,1012.7,66,12.92,85.8,10.61,4.51
539,5/25/2017 8:50,84,1012.8,62,12.99,85.9,10.7,4.52
540,5/25/2017 8:55,83,1012.8,69,13.04,85.7,10.71,4.53
541,5/25/2017 9:00,86,1012.7,62,13.06,85.8,10.76,4.54
542,5/25/2017 9:05,94,1012.6,84,13.14,85.7,10.81,4.54
543,5/25/2017 9:10,94,1012.6,60,13.06,85.4,10.69,4.54
544,5/25/2017 9:15,101,1012.4,67,12.97,85.8,10.66,4.56
545,5/25/2017 9:20,106,1012.5,70,13.11,85.8,10.8,4.56
546,5/25/2017 9:25,112,1012.6,56,12.99,85.4,10.61,4.56
547,5/25/2017 9:30,107,1012.5,70,12.94,85.4,10.57,4.44
548,5/25/2017 9:35,102,1012.6,69,12.9,85.9,10.61,4.48
549,5/25/2017 9:40,113,1012.6,65,12.87,85.8,10.57,4.5
550,5/25/2017 9:45,118,1012.4,63,12.8,86.3,10.58,4.53
551,5/25/2017 9:50,116,1012.4,62,12.77,86.5,10.59,4.54
552,5/25/2017 9:55,121,1012.3,69,12.68,86.8,10.55,4.56
553,5/25/2017 10:00,131,1012.3,70,12.56,87.3,10.52,4.57
554,5/25/2017 10:05,138,1012.1,66,12.65,87.9,10.72,4.57
555,5/25/2017 10:10,152,1012.1,77,12.73,88.2,10.84,4.57
556,5/25/2017 10:15,156,1011.9,63,12.73,88.2,10.84,4.57
557,5/25/2017 10:20,151,1011.9,60,12.61,88.3,10.74,4.57
558,5/25/2017 10:25,146,1011.7,69,12.58,88.6,10.76,4.57
559,5/25/2017 10:30,169,1011.5,63,12.41,88.7,10.61,4.57
560,5/25/2017 10:35,171,1011.5,76,12.49,89.2,10.77,4.59
561,5/25/2017 10:40,149,1011.4,66,12.39,89.1,10.66,4.56
562,5/25/2017 10:45,143,1011.3,76,12.39,89.1,10.66,4.57
563,5/25/2017 10:50,146,1011.2,60,12.36,89.3,10.67,4.57
564,5/25/2017 10:55,144,1011.3,70,12.39,89.2,10.67,4.58
565,5/25/2017 11:00,138,1011.1,69,12.34,89.1,10.61,4.58
566,5/25/2017 11:05,137,1011.4,65,12.39,89.3,10.69,4.58
567,5/25/2017 11:10,127,1011.5,58,12.46,89.1,10.73,4.59
568,5/25/2017 11:15,153,1011.4,76,12.39,88.8,10.61,4.59
569,5/25/2017 11:20,171,1011.4,65,12.49,88.8,10.7,4.59
570,5/25/2017 11:25,197,1011.1,72,12.15,88.1,10.25,4.59
571,5/25/2017 11:30,191,1010.9,66,12.12,87.8,10.17,4.59
572,5/25/2017 11:35,154,1011,63,12.1,88,10.18,4.59
573,5/25/2017 11:40,156,1011.1,63,11.98,88.1,10.08,4.48
574,5/25/2017 11:45,134,1011.1,59,11.88,88.2,10,4.53
575,5/25/2017 11:50,104,1011.4,66,11.78,88.4,9.94,4.44
576,5/25/2017 11:55,116,1011.3,77,11.56,89.4,9.89,4.48
577,5/25/2017 12:00,113,1011.3,70,11.44,90.4,9.94,4.53
578,5/25/2017 12:05,123,1011.2,70,11.35,91.4,10.01,4.51
579,5/25/2017 12:10,142,1011.1,66,11.22,92,9.98,4.57
580,5/25/2017 12:15,172,1010.9,58,11.39,92.7,10.27,4.58
581,5/25/2017 12:20,214,1010.8,69,11.27,93,10.19,4.59
582,5/25/2017 12:25,187,1010.8,63,11.37,93.4,10.36,4.59
583,5/25/2017 12:30,219,1010.9,60,11.49,93.3,10.46,4.62
584,5/25/2017 12:35,166,1010.7,52,11.54,93.4,10.52,4.59
585,5/25/2017 12:40,154,1010.7,52,11.42,93.5,10.42,4.59
586,5/25/2017 12:45,181,1010.4,62,11.42,93.9,10.48,4.59
587,5/25/2017 12:50,119,1010.4,53,11.52,93.6,10.53,4.59
588,5/25/2017 12:55,133,1010.1,56,11.49,93.6,10.51,4.59
589,5/25/2017 13:00,137,1010.1,56,11.35,93.6,10.36,4.59
590,5/25/2017 13:05,122,1009.9,59,11.39,93.9,10.46,4.56
591,5/25/2017 13:10,113,1009.9,60,11.25,93.8,10.3,4.59
592,5/25/2017 13:15,124,1009.9,58,11.32,94,10.4,4.59
593,5/25/2017 13:20,138,1009.7,66,11.13,93.7,10.16,4.59
594,5/25/2017 13:25,132,1009.9,58,11.1,94,10.19,4.59
595,5/25/2017 13:30,144,1009.9,49,11.18,94,10.26,4.59
596,5/25/2017 13:35,118,1009.9,52,11.08,93.8,10.13,4.59
597,5/25/2017 13:40,113,1009.9,62,11.08,94,10.16,4.59
598,5/25/2017 13:45,123,1009.9,65,11.3,94.3,10.43,4.59
599,5/25/2017 13:50,107,1009.8,52,11.13,94.1,10.23,4.59
600,5/25/2017 13:55,111,1009.9,32,11.25,94,10.33,4.59
601,5/25/2017 14:00,118,1009.9,53,11.22,94.4,10.37,4.59
602,5/25/2017 14:05,121,1009.7,60,11.37,94.7,10.56,4.57
603,5/25/2017 14:10,133,1009.4,53,11.32,94.6,10.5,4.59
604,5/25/2017 14:15,121,1009.5,60,11.42,94.8,10.63,4.59
605,5/25/2017 14:20,89,1009.4,45,11.47,94.7,10.66,4.59
606,5/25/2017 14:25,96,1009.4,46,11.56,94.7,10.76,4.59
607,5/25/2017 14:30,99,1009.4,60,11.56,94.7,10.76,4.59
608,5/25/2017 14:35,106,1009.4,59,11.54,94.7,10.73,4.59
609,5/25/2017 14:40,109,1009.4,58,11.54,94.7,10.73,4.59
610,5/25/2017 14:45,102,1009.1,59,11.61,94.7,10.8,4.59
611,5/25/2017 14:50,101,1009.2,56,11.73,94.7,10.93,4.59
612,5/25/2017 14:55,91,1009.2,72,11.78,94.5,10.94,4.59
613,5/25/2017 15:00,88,1009.3,46,11.86,94.7,11.05,4.6
614,5/25/2017 15:05,79,1009.1,52,11.83,94.4,10.97,4.57
615,5/25/2017 15:10,69,1009.1,46,11.66,94.4,10.81,4.59
616,5/25/2017 15:15,68,1009,58,11.83,94.7,11.02,4.59
617,5/25/2017 15:20,73,1009.1,72,11.88,94.8,11.09,4.59
618,5/25/2017 15:25,77,1008.9,70,11.81,94.4,10.95,4.59
619,5/25/2017 15:30,86,1008.7,59,11.61,94.4,10.76,4.59
620,5/25/2017 15:35,88,1008.5,51,11.49,94.4,10.64,4.6
621,5/25/2017 15:40,102,1008.4,48,11.59,94.6,10.76,4.6
622,5/25/2017 15:45,102,1008.4,56,11.66,94.4,10.81,4.6
623,5/25/2017 15:50,151,1008.3,59,11.61,94.4,10.76,4.6
624,5/25/2017 15:55,141,1008.2,59,11.64,94.4,10.78,4.6
625,5/25/2017 16:00,108,1008.1,51,11.66,94.2,10.77,4.6
626,5/25/2017 16:05,88,1008.2,53,11.59,94.4,10.73,4.57
627,5/25/2017 16:10,76,1008.2,73,11.64,94.4,10.78,4.59
628,5/25/2017 16:15,67,1008.4,62,11.59,94.4,10.73,4.59
629,5/25/2017 16:20,59,1008.3,56,11.59,94.3,10.72,4.6
630,5/25/2017 16:25,72,1008.3,62,11.59,94.2,10.7,4.6
631,5/25/2017 16:30,87,1008.2,67,11.54,94.1,10.64,4.6
632,5/25/2017 16:35,87,1008.1,52,11.61,94.2,10.73,4.6
633,5/25/2017 16:40,71,1007.9,51,11.59,94.2,10.7,4.6
634,5/25/2017 16:45,76,1007.9,60,11.52,94.7,10.71,4.6
635,5/25/2017 16:50,99,1007.6,60,11.54,94.6,10.72,4.6
636,5/25/2017 16:55,104,1007.5,59,11.56,94.7,10.76,4.63
637,5/25/2017 17:00,113,1007.3,56,11.61,94.6,10.79,4.62
638,5/25/2017 17:05,94,1007.2,49,11.66,94.6,10.84,4.61
639,5/25/2017 17:10,78,1007.4,84,11.73,94.8,10.94,4.59
640,5/25/2017 17:15,63,1007.5,44,11.78,94.9,11.01,4.59
641,5/25/2017 17:20,73,1007.3,70,11.61,94.8,10.82,4.6
642,5/25/2017 17:25,77,1007.3,49,11.64,95.1,10.89,4.6
643,5/25/2017 17:30,77,1007.1,58,11.44,94.9,10.67,4.6
644,5/25/2017 17:35,73,1007.1,65,11.56,95.2,10.84,4.6
645,5/25/2017 17:40,62,1007,60,11.52,95.1,10.77,4.6
646,5/25/2017 17:45,31,1006.9,58,11.56,95.2,10.84,4.6
647,5/25/2017 17:50,38,1007,56,11.61,95.2,10.88,4.6
648,5/25/2017 17:55,33,1006.7,63,11.52,94.9,10.74,4.6
649,5/25/2017 18:00,27,1006.7,69,11.47,95.1,10.72,4.59
650,5/25/2017 18:05,41,1006.4,69,11.49,95,10.73,4.56
651,5/25/2017 18:10,29,1006.5,65,11.42,95.3,10.71,4.56
652,5/25/2017 18:15,24,1006.5,41,11.39,95.3,10.68,4.56
653,5/25/2017 18:20,19,1006.2,53,11.39,95.4,10.7,4.56
654,5/25/2017 18:25,16,1006,60,11.25,95.5,10.57,4.55
655,5/25/2017 18:30,14,1006.5,69,11.32,95.5,10.64,4.54
656,5/25/2017 18:35,9,1007.3,56,11.32,95.6,10.66,4.54
657,5/25/2017 18:40,8,1007.3,53,11.3,95.6,10.63,4.54
658,5/25/2017 18:45,12,1007.4,70,11.3,95.6,10.63,4.54
659,5/25/2017 18:50,19,1007.4,58,11.42,95.7,10.77,4.53
660,5/25/2017 18:55,18,1007.1,56,11.32,95.9,10.7,4.53
661,5/25/2017 19:00,7,1007.2,60,11.3,95.6,10.63,4.52
662,5/25/2017 19:05,8,1007,52,11.27,95.7,10.62,4.48
663,5/25/2017 19:10,7,1007,60,11.3,95.8,10.66,4.48
664,5/25/2017 19:15,9,1006.8,55,11.3,95.8,10.66,4.48
665,5/25/2017 19:20,7,1006.9,59,11.3,95.8,10.66,4.48
666,5/25/2017 19:25,6,1006.9,53,11.32,95.9,10.7,4.48
667,5/25/2017 19:30,8,1006.6,60,11.27,95.7,10.62,4.48
668,5/25/2017 19:35,6,1006.7,55,11.22,95.7,10.58,4.47
669,5/25/2017 19:40,3,1006.9,53,11.22,95.7,10.58,4.47
670,5/25/2017 19:45,2,1006.7,55,11.15,95.5,10.47,4.47
671,5/25/2017 19:50,1,1006.7,51,11.2,95.6,10.54,4.46
672,5/25/2017 19:55,1,1006.5,66,11.1,95.6,10.44,4.46
673,5/25/2017 20:00,1,1006.6,58,11.1,95.6,10.44,4.46
674,5/25/2017 20:05,1,1006.6,56,11.05,95.6,10.39,4.42
675,5/25/2017 20:10,1,1006.8,60,11,95.7,10.36,4.43
676,5/25/2017 20:15,1,1006.5,60,11.1,95.5,10.42,4.43
677,5/25/2017 20:20,1,1006.2,51,10.96,95.6,10.29,4.42
678,5/25/2017 20:25,1,1006.3,62,10.93,95.6,10.27,4.42
679,5/25/2017 20:30,1,1006.4,58,11,95.8,10.37,4.42
680,5/25/2017 20:35,1,1006.3,55,10.93,95.7,10.28,4.42
681,5/25/2017 20:40,1,1006.4,46,11,95.7,10.36,4.42
682,5/25/2017 20:45,1,1006.6,65,10.98,95.7,10.33,4.42
683,5/25/2017 20:50,1,1006.3,59,11.03,95.8,10.4,4.42
684,5/25/2017 20:55,1,1006.5,46,10.98,95.8,10.35,4.42
685,5/25/2017 21:00,1,1006.5,46,11,95.8,10.37,4.41
686,5/25/2017 21:05,1,1006.4,41,10.91,95.7,10.26,4.3
687,5/25/2017 21:10,1,1006.3,42,11,95.9,10.39,4.33
688,5/25/2017 21:15,1,1006.4,49,10.98,96,10.38,4.32
689,5/25/2017 21:20,1,1006.4,52,11,95.9,10.39,4.34
690,5/25/2017 21:25,1,1006.4,60,10.96,96,10.36,4.35
691,5/25/2017 21:30,1,1006.2,63,11.05,96,10.45,4.36
692,5/25/2017 21:35,1,1005.9,62,10.98,95.8,10.35,4.36
693,5/25/2017 21:40,1,1005.9,63,11.05,96.1,10.47,4.36
694,5/25/2017 21:45,1,1005.7,51,10.91,95.9,10.29,4.37
695,5/25/2017 21:50,1,1005.7,46,10.88,96,10.28,4.37
696,5/25/2017 21:55,1,1005.6,22,10.91,96,10.31,4.37
697,5/25/2017 22:00,1,1005.8,49,10.96,96.3,10.4,4.37
698,5/25/2017 22:05,1,1005.8,22,10.91,96.2,10.34,4.38
699,5/25/2017 22:10,1,1005.6,45,11.05,96.3,10.5,4.38
700,5/25/2017 22:15,1,1005.6,45,11,96.2,10.43,4.35
701,5/25/2017 22:20,1,1005.6,48,10.98,96.2,10.41,4.35
702,5/25/2017 22:25,1,1005.3,45,10.98,96.2,10.41,4.36
703,5/25/2017 22:30,1,1005.3,42,11.03,96.3,10.47,4.36
704,5/25/2017 22:35,1,1005.1,48,11.03,96.2,10.46,4.36
705,5/25/2017 22:40,1,1004.9,65,11,96.3,10.45,4.36
706,5/25/2017 22:45,1,1004.7,55,10.86,96.2,10.29,4.39
707,5/25/2017 22:50,1,1004.7,58,10.91,96.4,10.37,4.39
708,5/25/2017 22:55,1,1004.5,52,10.86,96.3,10.3,4.39
709,5/25/2017 23:00,1,1004.4,48,10.86,96.3,10.3,4.37
710,5/25/2017 23:05,1,1004.4,37,10.91,96.2,10.34,4.37
711,5/25/2017 23:10,1,1004.4,45,10.91,96.3,10.35,4.37
712,5/25/2017 23:15,1,1004.3,60,10.88,96.2,10.31,4.35
713,5/25/2017 23:20,1,1004,41,10.79,96.2,10.22,4.35
714,5/25/2017 23:25,1,1004.1,52,10.79,96.2,10.22,4.36
715,5/25/2017 23:30,1,1004.2,60,10.81,96.2,10.24,4.36
716,5/25/2017 23:35,1,1004,62,10.76,96.2,10.19,4.36
717,5/25/2017 23:40,1,1003.9,44,10.64,96.2,10.07,4.36
718,5/25/2017 23:45,1,1003.9,48,10.57,96.5,10.04,4.36
719,5/25/2017 23:50,1,1003.7,41,10.61,96.5,10.09,4.36
720,5/25/2017 23:55,1,1003.5,32,10.64,96.5,10.12,4.37
721,5/26/2017 0:00,1,1003.4,42,10.66,96.4,10.13,4.37
722,5/26/2017 0:05,1,1003.2,58,10.61,96.2,10.05,4.37
723,5/26/2017 0:10,1,1002.8,39,10.66,96.4,10.13,4.37
724,5/26/2017 0:15,1,1002.8,46,10.66,96.4,10.13,4.34
725,5/26/2017 0:20,1,1002.8,70,10.57,96.4,10.03,4.35
726,5/26/2017 0:25,1,1002.9,48,10.44,96.3,9.89,4.35
727,5/26/2017 0:30,1,1002.8,48,10.42,96.5,9.9,4.36
728,5/26/2017 0:35,1,1002.6,62,10.54,96.6,10.03,4.36
729,5/26/2017 0:40,1,1002.6,20,10.54,96.6,10.03,4.36
730,5/26/2017 0:45,1,1002.5,32,10.47,96.7,9.98,4.36
731,5/26/2017 0:50,1,1002.2,35,10.37,96.6,9.86,4.36
732,5/26/2017 0:55,1,1002.8,31,10.59,96.6,10.08,4.36
733,5/26/2017 1:00,1,1002.9,128,10.57,96.4,10.03,4.36
734,5/26/2017 1:05,1,1003.2,32,10.42,96.3,9.87,4.36
735,5/26/2017 1:10,1,1002.9,46,10.39,96.6,9.89,4.36
736,5/26/2017 1:15,1,1002.9,67,10.27,96.4,9.73,4.27
737,5/26/2017 1:20,1,1002.7,55,10.32,96.3,9.77,4.32
738,5/26/2017 1:25,1,1002.1,46,10.32,96.4,9.78,4.32
739,5/26/2017 1:30,1,1002,45,10.37,96.3,9.82,4.33
740,5/26/2017 1:35,1,1001.9,18,10.34,96.2,9.78,4.34
741,5/26/2017 1:40,1,1001.9,21,10.25,96.1,9.66,4.35
742,5/26/2017 1:45,1,1002.1,29,10.39,96.2,9.83,4.35
743,5/26/2017 1:50,1,1002.5,295,10.39,96.1,9.81,4.35
744,5/26/2017 1:55,1,1002.3,299,10.42,96.1,9.83,4.35
745,5/26/2017 2:00,1,1002.8,314,10.34,96.1,9.76,4.36
746,5/26/2017 2:05,1,1002.7,302,10.34,96.1,9.76,4.36
747,5/26/2017 2:10,1,1002.5,8,10.34,95.9,9.73,4.36
748,5/26/2017 2:15,1,1002.1,355,10.47,95.9,9.85,4.36
749,5/26/2017 2:20,1,1002,355,10.2,95.8,9.57,4.36
750,5/26/2017 2:25,1,1001.9,352,10.05,95.8,9.42,4.34
751,5/26/2017 2:30,1,1001.7,352,9.93,95.9,9.31,4.35
752,5/26/2017 2:35,1,1001.6,350,9.93,96,9.33,4.35
753,5/26/2017 2:40,1,1001.4,348,9.9,95.8,9.27,4.35
754,5/26/2017 2:45,1,1001.6,338,9.93,95.8,9.3,4.35
755,5/26/2017 2:50,1,1001.8,11,9.85,95.7,9.21,4.36
756,5/26/2017 2:55,1,1002.3,352,9.9,95.7,9.26,4.36
757,5/26/2017 3:00,1,1002.1,341,9.8,95.5,9.13,4.36
758,5/26/2017 3:05,1,1001.6,39,9.9,95.7,9.26,4.36
759,5/26/2017 3:10,1,1001.2,351,9.8,95.6,9.15,4.36
760,5/26/2017 3:15,1,1000.5,355,9.66,95.6,9,4.36
761,5/26/2017 3:20,1,1001,15,9.73,95.7,9.09,4.36
762,5/26/2017 3:25,1,1001,14,9.63,95.6,8.97,4.34
763,5/26/2017 3:30,1,1000.6,32,9.68,95.4,8.99,4.34
764,5/26/2017 3:35,1,1000.4,48,9.78,95.4,9.09,4.35
765,5/26/2017 3:40,1,1000.4,17,9.83,95.4,9.14,4.35
766,5/26/2017 3:45,1,1000.3,22,9.76,95.3,9.05,4.35
767,5/26/2017 3:50,1,1000.2,37,9.83,95.1,9.09,4.35
768,5/26/2017 3:55,1,1000.4,39,9.8,95,9.05,4.35
769,5/26/2017 4:00,1,1000.4,59,9.9,94.9,9.13,4.35
770,5/26/2017 4:05,1,1000.1,13,9.9,94.6,9.09,4.35
771,5/26/2017 4:10,1,999.6,31,9.88,94.4,9.03,4.35
772,5/26/2017 4:15,1,1000,38,9.85,94.2,8.98,4.35
773,5/26/2017 4:20,1,999.7,39,9.95,94.3,9.09,4.35
774,5/26/2017 4:25,1,999.8,22,9.98,94.2,9.1,4.28
775,5/26/2017 4:30,1,999.7,39,9.95,94,9.04,4.31
776,5/26/2017 4:35,1,999.7,18,9.93,94,9.02,4.27
777,5/26/2017 4:40,1,999.5,0,9.93,93.9,9,4.3
778,5/26/2017 4:45,1,999.6,13,10.05,93.7,9.09,4.32
779,5/26/2017 4:50,1,999.8,38,9.95,93.7,8.99,4.32
780,5/26/2017 4:55,1,999.7,338,10.03,93.7,9.07,4.3
781,5/26/2017 5:00,1,1000,46,10.1,93.8,9.16,4.32
782,5/26/2017 5:05,1,999.8,38,10,93.8,9.06,4.32
783,5/26/2017 5:10,1,999.9,21,10.05,93.6,9.08,4.32
784,5/26/2017 5:15,1,1000,38,10.2,93.7,9.24,4.33
785,5/26/2017 5:20,1,1000,52,10.17,93.6,9.2,4.33
786,5/26/2017 5:25,1,999.9,41,10.12,93.4,9.12,4.33
787,5/26/2017 5:30,2,999.9,3,9.95,93.4,8.95,4.33
788,5/26/2017 5:35,3,999.9,20,10.08,93.3,9.05,4.33
789,5/26/2017 5:40,2,1000,18,10.1,93.2,9.06,4.33
790,5/26/2017 5:45,2,1000,29,10.12,93.3,9.1,4.33
791,5/26/2017 5:50,2,1000,34,10.1,93.3,9.08,4.3
792,5/26/2017 5:55,4,1000.3,56,10.1,93.4,9.09,4.32
793,5/26/2017 6:00,8,1000.2,53,9.93,93.7,8.97,4.32
794,5/26/2017 6:05,7,1000.2,58,9.95,93.8,9.01,4.35
795,5/26/2017 6:10,6,1000.3,39,9.93,93.9,9,4.34
796,5/26/2017 6:15,9,1000.2,51,9.9,93.7,8.95,4.32
797,5/26/2017 6:20,12,1000.1,59,9.85,93.7,8.9,4.32
798,5/26/2017 6:25,11,1000.2,45,9.9,93.8,8.96,4.33
799,5/26/2017 6:30,9,1000.2,29,9.8,93.5,8.82,4.33
800,5/26/2017 6:35,13,1000.2,4,10,93.8,9.06,4.33
801,5/26/2017 6:40,13,1000.1,37,10.03,93.5,9.04,4.33
802,5/26/2017 6:45,17,1000.2,38,9.9,93.3,8.88,4.33
803,5/26/2017 6:50,22,1000,3,9.8,93.4,8.8,4.25
804,5/26/2017 6:55,23,1000,13,9.8,93.4,8.8,4.28
805,5/26/2017 7:00,22,1000.3,25,9.95,93.7,8.99,4.28
806,5/26/2017 7:05,22,1000.2,44,9.68,93.6,8.71,4.28
807,5/26/2017 7:10,29,1000.2,352,9.56,93.8,8.62,4.29
808,5/26/2017 7:15,38,1000.2,34,9.51,94.2,8.63,4.3
809,5/26/2017 7:20,52,999.9,17,9.51,94.4,8.66,4.32
810,5/26/2017 7:25,66,999.9,46,9.68,94.6,8.87,4.34
811,5/26/2017 7:30,53,999.8,32,9.68,94.4,8.84,4.35
812,5/26/2017 7:35,53,999.8,18,9.85,94.6,9.04,4.36
813,5/26/2017 7:40,67,999.7,13,9.71,94.4,8.86,4.38
814,5/26/2017 7:45,76,999.6,42,9.56,94.6,8.74,4.4
815,5/26/2017 7:50,61,999.6,20,9.58,94.4,8.74,4.42
816,5/26/2017 7:55,81,999.6,14,9.83,94.7,9.03,4.44
817,5/26/2017 8:00,56,999.7,17,9.85,94.7,9.05,4.42
818,5/26/2017 8:05,53,999.8,343,9.76,94.5,8.93,4.43
819,5/26/2017 8:10,53,999.9,351,9.78,94.7,8.98,4.44
820,5/26/2017 8:15,61,999.7,341,9.85,94.6,9.04,4.45
821,5/26/2017 8:20,72,999.9,355,9.61,94.7,8.81,4.46
822,5/26/2017 8:25,74,999.9,347,9.85,94.7,9.05,4.48
823,5/26/2017 8:30,76,999.8,340,9.76,94.7,8.96,4.49
824,5/26/2017 8:35,79,999.8,347,9.71,94.9,8.94,4.51
825,5/26/2017 8:40,86,999.9,354,9.83,94.9,9.06,4.51
826,5/26/2017 8:45,82,999.8,348,9.76,94.9,8.99,4.53
827,5/26/2017 8:50,96,999.8,355,9.8,95,9.05,4.54
828,5/26/2017 8:55,111,999.8,354,9.9,94.9,9.13,4.56
829,5/26/2017 9:00,123,999.9,347,9.88,94.8,9.09,4.56
830,5/26/2017 9:05,136,999.8,355,9.98,94.7,9.18,4.57
831,5/26/2017 9:10,159,999.8,344,10.12,94.8,9.34,4.57
832,5/26/2017 9:15,129,999.8,8,10.05,94.6,9.23,4.57
833,5/26/2017 9:20,117,999.8,354,10.03,94.5,9.19,4.57
834,5/26/2017 9:25,129,999.8,1,10.05,94.3,9.19,4.57
835,5/26/2017 9:30,111,999.9,355,10.2,94.5,9.37,4.57
836,5/26/2017 9:35,97,1000,338,10.15,94.4,9.3,4.57
837,5/26/2017 9:40,126,999.9,355,10.25,94.2,9.37,4.57
838,5/26/2017 9:45,121,999.9,354,10.34,94.3,9.48,4.57
839,5/26/2017 9:50,132,1000,347,10.32,94.1,9.42,4.58
840,5/26/2017 9:55,171,1000.1,351,10.49,94.4,9.64,4.58
841,5/26/2017 10:00,152,1000.1,333,10.74,94.3,9.87,4.57
842,5/26/2017 10:05,194,1000.1,299,11.08,94.2,10.19,4.57
843,5/26/2017 10:10,214,1000.2,279,10.81,94,9.89,4.59
844,5/26/2017 10:15,249,1000.1,306,10.79,94,9.87,4.59
845,5/26/2017 10:20,253,1000.2,317,10.91,94,9.99,4.59
846,5/26/2017 10:25,278,1000.4,313,11.2,94.1,10.3,4.59
847,5/26/2017 10:30,173,1000.4,310,11.1,94,10.19,4.59
848,5/26/2017 10:35,179,1000.3,316,11.08,93.7,10.11,4.59
849,5/26/2017 10:40,307,1000.4,313,11.37,94,10.45,4.59
850,5/26/2017 10:45,398,1000.6,307,11.44,93.7,10.48,4.59
851,5/26/2017 10:50,399,1000.5,4,11.56,93.2,10.52,4.59
852,5/26/2017 10:55,311,1000.5,327,11.86,93.1,10.79,4.59
853,5/26/2017 11:00,367,1000.5,327,12.03,92.7,10.89,4.57
854,5/26/2017 11:05,477,1000.6,272,12.29,91.7,10.99,4.59
855,5/26/2017 11:10,549,1000.5,338,12.49,90.8,11.04,4.59
856,5/26/2017 11:15,243,1000.5,305,12.8,90.4,11.28,4.59
857,5/26/2017 11:20,363,1000.6,343,12.75,90.2,11.2,4.59
858,5/26/2017 11:25,708,1000.6,13,12.94,90,11.36,4.59
859,5/26/2017 11:30,317,1000.5,330,12.73,88.5,10.89,4.59
860,5/26/2017 11:35,286,1000.7,299,12.63,88.6,10.81,4.59
861,5/26/2017 11:40,279,1000.5,279,12.77,88.4,10.92,4.59
862,5/26/2017 11:45,339,1000.7,347,12.58,88.2,10.7,4.59
863,5/26/2017 11:50,462,1000.7,354,13.14,88.3,11.26,4.59
864,5/26/2017 11:55,304,1000.6,350,13.33,86.5,11.14,4.59
865,5/26/2017 12:00,373,1000.7,351,13.23,86.4,11.03,4.48
866,5/26/2017 12:05,569,1000.6,312,14.17,85.9,11.86,4.57
867,5/26/2017 12:10,668,1000.7,18,14.55,83.8,11.86,4.57
868,5/26/2017 12:15,381,1000.6,343,14.86,82.3,11.89,4.59
869,5/26/2017 12:20,222,1000.7,355,14.15,83.2,11.35,4.59
870,5/26/2017 12:25,272,1000.7,293,14.24,85,11.77,4.59
871,5/26/2017 12:30,393,1000.8,303,13.86,86.8,11.71,4.59
872,5/26/2017 12:35,154,1000.9,303,13.57,85.9,11.27,4.59
873,5/26/2017 12:40,354,1001,306,13.62,87.7,11.63,4.59
874,5/26/2017 12:45,382,1000.9,293,14.12,86.4,11.9,4.59
875,5/26/2017 12:50,222,1000.9,330,14.24,84.5,11.68,4.59
876,5/26/2017 12:55,182,1001,13,14.24,83.4,11.48,4.62
877,5/26/2017 13:00,208,1000.9,295,14.05,83.8,11.37,4.59
878,5/26/2017 13:05,217,1001,278,14.27,83.5,11.52,4.59
879,5/26/2017 13:10,473,1000.9,336,14.51,83.8,11.81,4.59
880,5/26/2017 13:15,339,1001.2,298,14.82,82.4,11.86,4.59
881,5/26/2017 13:20,402,1001.2,300,14.82,81.7,11.73,4.59
882,5/26/2017 13:25,489,1001.2,317,15.22,79.9,11.79,4.59
883,5/26/2017 13:30,294,1001.2,307,15.39,79.9,11.96,4.59
884,5/26/2017 13:35,306,1001.1,295,15.34,78.9,11.72,4.59
885,5/26/2017 13:40,381,1001.3,288,15.15,77.7,11.3,4.59
886,5/26/2017 13:45,393,1001.2,323,15.44,77.4,11.52,4.59
887,5/26/2017 13:50,333,1001.2,295,15.89,76.9,11.86,4.59
888,5/26/2017 13:55,346,1001.3,271,15.99,77.4,12.05,4.59
889,5/26/2017 14:00,327,1001.5,299,15.58,76.7,11.52,4.6
890,5/26/2017 14:05,208,1001.5,317,15.6,76.4,11.49,4.59
891,5/26/2017 14:10,248,1001.6,300,15.44,76.9,11.42,4.51
892,5/26/2017 14:15,233,1001.7,314,15.63,76.6,11.55,4.57
893,5/26/2017 14:20,164,1001.7,272,15.32,76.3,11.19,4.59
894,5/26/2017 14:25,163,1001.8,298,15.06,77.1,11.09,4.59
895,5/26/2017 14:30,258,1001.9,310,15.58,77.3,11.64,4.59
896,5/26/2017 14:35,271,1001.9,274,15.56,76.1,11.38,4.6
897,5/26/2017 14:40,309,1001.9,296,15.56,75.6,11.28,4.6
898,5/26/2017 14:45,316,1002,277,15.96,75.7,11.69,4.6
899,5/26/2017 14:50,283,1001.9,305,15.8,74.4,11.27,4.6
900,5/26/2017 14:55,207,1002,285,15.68,75.3,11.34,4.6
901,5/26/2017 15:00,236,1001.9,289,15.58,75.2,11.22,4.6
902,5/26/2017 15:05,203,1002.2,282,15.39,75.9,11.18,4.6
903,5/26/2017 15:10,167,1002.2,306,15.49,75.9,11.27,4.6
904,5/26/2017 15:15,157,1002.3,314,15.29,76.2,11.14,4.57
905,5/26/2017 15:20,139,1002.3,298,15.15,76.5,11.07,4.48
906,5/26/2017 15:25,143,1002.4,288,14.86,78.8,11.23,4.51
907,5/26/2017 15:30,129,1002.4,275,14.89,81,11.67,4.44
908,5/26/2017 15:35,137,1002.5,317,14.67,81.4,11.54,4.5
909,5/26/2017 15:40,188,1002.6,286,14.29,82.6,11.38,4.56
910,5/26/2017 15:45,273,1002.6,289,14.36,83.4,11.6,4.54
911,5/26/2017 15:50,218,1002.6,264,14.58,83.9,11.9,4.55
912,5/26/2017 15:55,187,1002.6,222,14.67,84.5,12.1,4.59
913,5/26/2017 16:00,199,1002.7,271,14.29,85.3,11.87,4.59
914,5/26/2017 16:05,247,1002.7,194,14.27,85.7,11.92,4.59
915,5/26/2017 16:10,497,1002.7,285,14.79,85.5,12.4,4.59
916,5/26/2017 16:15,329,1002.6,272,15.41,85.4,12.99,4.6
917,5/26/2017 16:20,297,1002.6,170,15.2,84.9,12.69,4.6
918,5/26/2017 16:25,297,1002.6,277,14.96,84.6,12.4,4.57
919,5/26/2017 16:30,366,1002.7,279,15.39,84.5,12.81,4.59
920,5/26/2017 16:35,253,1002.9,284,15.6,83.5,12.84,4.59
921,5/26/2017 16:40,338,1002.8,215,15.8,83.9,13.1,4.6
922,5/26/2017 16:45,332,1002.9,234,15.63,83.5,12.86,4.6
923,5/26/2017 16:50,307,1002.9,240,15.65,82.7,12.74,4.6
924,5/26/2017 16:55,297,1003,254,15.58,82.7,12.67,4.6
925,5/26/2017 17:00,84,1002.9,268,15.63,82.5,12.68,4.6
926,5/26/2017 17:05,166,1002.9,314,15.49,82.5,12.54,4.6
927,5/26/2017 17:10,144,1002.9,270,15.44,82.5,12.49,4.6
928,5/26/2017 17:15,134,1003.1,279,15.53,82.5,12.58,4.6
929,5/26/2017 17:20,117,1003.1,293,15.37,82.6,12.44,4.62
930,5/26/2017 17:25,118,1003.2,246,15.37,83.2,12.55,4.59
931,5/26/2017 17:30,104,1003.3,257,15.56,82.6,12.62,4.59
932,5/26/2017 17:35,113,1003.4,220,15.63,83,12.77,4.6
933,5/26/2017 17:40,92,1003.3,226,15.44,83.5,12.67,4.6
934,5/26/2017 17:45,91,1003.3,211,15.27,83.8,12.56,4.6
935,5/26/2017 17:50,97,1003.4,284,15.44,83.8,12.73,4.6
936,5/26/2017 17:55,103,1003.5,199,15.46,83.9,12.77,4.6
937,5/26/2017 18:00,89,1003.6,261,15.25,84,12.58,4.6
938,5/26/2017 18:05,79,1003.8,256,15.39,84.4,12.79,4.6
939,5/26/2017 18:10,53,1003.8,247,15.32,84.6,12.76,4.6
940,5/26/2017 18:15,63,1003.9,248,15.41,84.6,12.85,4.6
941,5/26/2017 18:20,86,1003.9,261,15.32,84.8,12.79,4.6
942,5/26/2017 18:25,48,1004,208,15.37,84.9,12.86,4.57
943,5/26/2017 18:30,37,1004.1,243,15.1,84.9,12.6,4.57
944,5/26/2017 18:35,34,1004.2,240,15.15,85.3,12.72,4.57
945,5/26/2017 18:40,26,1004.3,253,15.27,85.6,12.89,4.57
946,5/26/2017 18:45,21,1004.4,265,15.06,85.7,12.7,4.56
947,5/26/2017 18:50,17,1004.4,258,15.01,86.2,12.74,4.56
948,5/26/2017 18:55,22,1004.4,247,15.03,86.4,12.8,4.54
949,5/26/2017 19:00,28,1004.5,271,15.25,86.5,13.03,4.54
950,5/26/2017 19:05,28,1004.6,247,15.15,86.5,12.93,4.54
951,5/26/2017 19:10,36,1004.7,211,15.56,86.6,13.35,4.54
952,5/26/2017 19:15,62,1004.9,201,15.7,85.9,13.36,4.54
953,5/26/2017 19:20,83,1004.7,254,15.7,85.5,13.29,4.55
954,5/26/2017 19:25,74,1004.9,195,15.56,85.4,13.13,4.53
955,5/26/2017 19:30,28,1004.9,192,15.75,85.2,13.29,4.53
956,5/26/2017 19:35,13,1005.1,222,15.51,85.2,13.05,4.53
957,5/26/2017 19:40,7,1005.1,250,15.37,85.4,12.95,4.52
958,5/26/2017 19:45,4,1005.4,244,15.44,85.9,13.11,4.51
959,5/26/2017 19:50,3,1005.4,233,15.46,85.9,13.13,4.51
960,5/26/2017 19:55,2,1005.4,268,15.41,86.3,13.15,4.51
961,5/26/2017 20:00,2,1005.6,246,15.56,85.6,13.17,4.5
962,5/26/2017 20:05,1,1005.6,234,15.49,85.7,13.12,4.5
963,5/26/2017 20:10,1,1005.4,222,14.91,85.3,12.48,4.5
964,5/26/2017 20:15,1,1005.5,66,13.62,86.9,11.49,4.49
965,5/26/2017 20:20,1,1005.7,83,13.55,87.7,11.56,4.48
966,5/26/2017 20:25,1,1005.8,69,13.55,87.9,11.59,4.45
967,5/26/2017 20:30,1,1005.9,70,13.47,87.7,11.49,4.45
968,5/26/2017 20:35,1,1005.8,86,13.4,87.8,11.43,4.45
969,5/26/2017 20:40,1,1006,110,12.99,87.7,11.01,4.45
970,5/26/2017 20:45,1,1006.1,79,13.04,88.3,11.16,4.45
971,5/26/2017 20:50,1,1006.3,65,12.97,88.3,11.09,4.45
972,5/26/2017 20:55,1,1006.4,49,12.92,88.3,11.05,4.44
973,5/26/2017 21:00,1,1006.4,80,12.65,89.3,10.95,4.44
974,5/26/2017 21:05,1,1006.7,58,12.44,90.7,10.97,4.45
975,5/26/2017 21:10,1,1006.8,65,12.32,91.4,10.97,4.44
976,5/26/2017 21:15,1,1006.9,60,12.22,92.1,10.99,4.44
977,5/26/2017 21:20,1,1007,66,12.22,92.3,11.02,4.44
978,5/26/2017 21:25,1,1006.9,45,12.15,92.7,11.01,4.4
979,5/26/2017 21:30,1,1007,73,12.36,93.1,11.29,4.41
980,5/26/2017 21:35,1,1007.2,72,12.32,93.3,11.28,4.41
981,5/26/2017 21:40,1,1007.2,70,12.24,93.4,11.22,4.4
982,5/26/2017 21:45,1,1007.3,62,12.36,93.6,11.38,4.4
983,5/26/2017 21:50,1,1007.5,46,12.39,93.6,11.4,4.4
984,5/26/2017 21:55,1,1007.5,49,12.58,93.4,11.56,4.4
985,5/26/2017 22:00,1,1007.7,74,12.51,93.4,11.49,4.4
986,5/26/2017 22:05,1,1007.7,81,12.53,93.3,11.5,4.39
987,5/26/2017 22:10,1,1007.9,28,12.56,93.4,11.54,4.39
988,5/26/2017 22:15,1,1007.8,80,12.73,93.1,11.65,4.39
989,5/26/2017 22:20,1,1007.9,108,12.65,93.1,11.58,4.39
990,5/26/2017 22:25,1,1008,114,12.77,93.2,11.72,4.36
991,5/26/2017 22:30,1,1007.9,114,12.68,93.2,11.62,4.36
992,5/26/2017 22:35,1,1008.1,114,12.63,93.1,11.56,4.36
993,5/26/2017 22:40,1,1008.2,114,12.87,93,11.78,4.36
994,5/26/2017 22:45,1,1008.1,114,12.77,92.9,11.67,4.36
995,5/26/2017 22:50,1,1008.1,111,12.97,92.7,11.83,4.36
996,5/26/2017 22:55,1,1008.1,32,12.82,92.5,11.65,4.37
997,5/26/2017 23:00,1,1008.3,355,12.82,92.2,11.6,4.37
998,5/26/2017 23:05,1,1008.2,355,12.77,92.2,11.56,4.37
999,5/26/2017 23:10,1,1008.4,354,12.85,92.3,11.64,4.37
1000,5/26/2017 23:15,1,1008.4,317,12.92,92.2,11.7,4.37
1001,5/26/2017 23:20,1,1008.5,302,12.82,92.4,11.64,4.37
1002,5/26/2017 23:25,1,1008.4,302,12.77,92.6,11.62,4.34
1003,5/26/2017 23:30,1,1008.5,10,12.94,92.3,11.74,4.35
1004,5/26/2017 23:35,1,1008.5,6,12.9,91.9,11.63,4.35
1005,5/26/2017 23:40,1,1008.4,14,12.8,91.9,11.53,4.36
1006,5/26/2017 23:45,1,1008.5,38,13.14,92,11.88,4.36
1007,5/26/2017 23:50,1,1008.7,355,13.04,91.6,11.72,4.36
1008,5/26/2017 23:55,1,1008.6,303,13.09,91.4,11.73,4.36
1009,5/27/2017 0:00,1,1008.7,295,13.06,91,11.64,4.36
1010,5/27/2017 0:05,1,1008.6,305,13.09,90.5,11.58,4.36
1011,5/27/2017 0:10,1,1008.8,344,13.02,90,11.43,4.36
1012,5/27/2017 0:15,1,1008.9,3,12.94,89.4,11.26,4.36
1013,5/27/2017 0:20,1,1008.8,355,12.94,89.2,11.22,4.36
1014,5/27/2017 0:25,1,1008.8,338,12.9,89.2,11.17,4.34
1015,5/27/2017 0:30,1,1008.8,340,12.92,89.1,11.18,4.35
1016,5/27/2017 0:35,1,1008.8,348,12.87,88.7,11.07,4.35
1017,5/27/2017 0:40,1,1008.8,345,12.87,88.4,11.02,4.36
1018,5/27/2017 0:45,1,1008.8,340,12.85,88.4,10.99,4.36
1019,5/27/2017 0:50,1,1008.7,352,12.77,88.3,10.9,4.36
1020,5/27/2017 0:55,1,1008.8,347,12.7,88.6,10.88,4.36
1021,5/27/2017 1:00,1,1008.9,352,12.85,89.1,11.11,4.36
1022,5/27/2017 1:05,1,1008.9,204,12.87,89.3,11.17,4.36
1023,5/27/2017 1:10,1,1008.9,300,12.77,89.6,11.12,4.36
1024,5/27/2017 1:15,1,1009,355,12.58,89.4,10.9,4.36
1025,5/27/2017 1:20,1,1008.9,355,12.49,88.8,10.7,4.36
1026,5/27/2017 1:25,1,1008.9,340,12.44,88.8,10.65,4.34
1027,5/27/2017 1:30,1,1009,347,12.19,88.9,10.43,4.37
1028,5/27/2017 1:35,1,1009.1,352,12.1,89.2,10.39,4.39
1029,5/27/2017 1:40,1,1008.9,348,12.1,89.5,10.44,4.36
1030,5/27/2017 1:45,1,1009.1,350,12.17,89.9,10.58,4.36
1031,5/27/2017 1:50,1,1009,319,12.27,90.3,10.74,4.36
1032,5/27/2017 1:55,1,1009.1,289,12.36,90.6,10.88,4.36
1033,5/27/2017 2:00,1,1009.1,296,12.44,90.7,10.97,4.36
1034,5/27/2017 2:05,1,1009.2,192,12.39,90.8,10.94,4.36
1035,5/27/2017 2:10,1,1009.1,286,12.34,91.2,10.96,4.36
1036,5/27/2017 2:15,1,1009.2,288,12.29,91.5,10.96,4.36
1037,5/27/2017 2:20,1,1009.2,281,12.44,91.6,11.12,4.36
1038,5/27/2017 2:25,1,1009.2,279,12.29,91.3,10.93,4.34
1039,5/27/2017 2:30,1,1009.2,298,12.34,91.3,10.98,4.35
1040,5/27/2017 2:35,1,1009.3,288,12.29,91,10.88,4.35
1041,5/27/2017 2:40,1,1009.2,289,12.32,91.1,10.92,4.35
1042,5/27/2017 2:45,1,1009.2,284,12.36,91,10.95,4.36
1043,5/27/2017 2:50,1,1009.2,300,12.32,90.8,10.87,4.36
1044,5/27/2017 2:55,1,1009.3,292,12.41,90.3,10.88,4.36
1045,5/27/2017 3:00,1,1009.2,277,12.29,89.6,10.65,4.36
1046,5/27/2017 3:05,1,1009.4,278,12.36,89.5,10.7,4.36
1047,5/27/2017 3:10,1,1009.4,331,12.29,89.8,10.68,4.36
1048,5/27/2017 3:15,1,1009.4,289,12.41,90.1,10.85,4.36
1049,5/27/2017 3:20,1,1009.4,295,12.39,90.2,10.84,4.36
1050,5/27/2017 3:25,1,1009.4,284,12.29,90.3,10.76,4.33
1051,5/27/2017 3:30,1,1009.4,285,12.29,90.4,10.78,4.34
1052,5/27/2017 3:35,1,1009.4,278,12.32,90.5,10.82,4.35
1053,5/27/2017 3:40,1,1009.6,295,12.29,90.4,10.78,4.35
1054,5/27/2017 3:45,1,1009.4,293,12.41,90.2,10.87,4.35
1055,5/27/2017 3:50,1,1009.6,268,12.44,89.9,10.84,4.35
1056,5/27/2017 3:55,1,1009.7,277,12.44,89.6,10.79,4.36
1057,5/27/2017 4:00,1,1009.5,211,12.51,89.8,10.89,4.36
1058,5/27/2017 4:05,1,1009.7,313,12.41,89.8,10.8,4.36
1059,5/27/2017 4:10,1,1009.9,278,12.36,90.1,10.8,4.36
1060,5/27/2017 4:15,1,1009.8,270,12.58,89.9,10.98,4.36
1061,5/27/2017 4:20,1,1009.8,206,12.63,89.9,11.03,4.36
1062,5/27/2017 4:25,1,1009.9,190,12.44,89.6,10.79,4.34
1063,5/27/2017 4:30,1,1010,305,12.63,89.5,10.96,4.34
1064,5/27/2017 4:35,1,1010,270,12.41,89.6,10.77,4.35
1065,5/27/2017 4:40,1,1010.2,278,12.32,90,10.74,4.35
1066,5/27/2017 4:45,1,1010.2,292,12.36,90.1,10.8,4.35
1067,5/27/2017 4:50,1,1010.3,326,12.29,90.1,10.73,4.35
1068,5/27/2017 4:55,1,1010.3,285,12.27,90.2,10.72,4.35
1069,5/27/2017 5:00,1,1010.4,291,12.19,90.1,10.63,4.35
1070,5/27/2017 5:05,1,1010.4,298,12.27,90.3,10.74,4.36
1071,5/27/2017 5:10,1,1010.4,293,12.36,90,10.78,4.36
1072,5/27/2017 5:15,1,1010.5,345,12.27,89.9,10.67,4.36
1073,5/27/2017 5:20,3,1010.4,333,12.46,90,10.88,4.36
1074,5/27/2017 5:25,4,1010.4,310,12.27,90,10.69,4.32
1075,5/27/2017 5:30,6,1010.5,281,12.39,90,10.81,4.33
1076,5/27/2017 5:35,11,1010.7,277,12.22,89.7,10.59,4.34
1077,5/27/2017 5:40,7,1010.7,302,12.19,89.8,10.58,4.34
1078,5/27/2017 5:45,18,1010.7,286,12.1,89.9,10.5,4.35
1079,5/27/2017 5:50,21,1010.8,330,12.24,90.2,10.7,4.35
1080,5/27/2017 5:55,21,1010.9,293,12.75,89.8,11.13,4.35
1081,5/27/2017 6:00,28,1011,241,12.63,89.4,10.95,4.38
1082,5/27/2017 6:05,27,1011,138,12.85,89.2,11.13,4.37
1083,5/27/2017 6:10,22,1011.1,183,12.68,88.9,10.91,4.36
1084,5/27/2017 6:15,21,1011.2,296,12.56,88.8,10.77,4.36
1085,5/27/2017 6:20,28,1011.2,268,12.41,89.2,10.7,4.36
1086,5/27/2017 6:25,42,1011.2,278,12.32,89.4,10.64,4.34
1087,5/27/2017 6:30,39,1011.2,285,12.53,89.5,10.87,4.35
1088,5/27/2017 6:35,59,1011.2,282,12.99,89.5,11.32,4.36
1089,5/27/2017 6:40,93,1011.2,274,12.97,88,11.04,4.39
1090,5/27/2017 6:45,83,1011.2,292,12.94,87.7,10.97,4.42
1091,5/27/2017 6:50,63,1011.1,296,12.94,87.4,10.92,4.44
1092,5/27/2017 6:55,137,1011,326,13.14,87.5,11.12,4.47
1093,5/27/2017 7:00,72,1010.9,306,13.09,87.2,11.02,4.51
1094,5/27/2017 7:05,56,1011,286,13.09,87.3,11.04,4.51
1095,5/27/2017 7:10,86,1010.9,337,12.99,87.2,10.93,4.54
1096,5/27/2017 7:15,96,1010.9,4,12.92,87.1,10.84,4.56
1097,5/27/2017 7:20,141,1011,341,12.97,86.5,10.78,4.57
1098,5/27/2017 7:25,116,1011.2,293,13.35,86.2,11.11,4.57
1099,5/27/2017 7:30,118,1011.2,295,13.18,85.7,10.86,4.59
1100,5/27/2017 7:35,167,1011.5,317,13.45,86,11.17,4.59
1101,5/27/2017 7:40,136,1011.4,293,13.28,85.7,10.95,4.59
1102,5/27/2017 7:45,131,1011.4,285,13.28,85.8,10.97,4.59
1103,5/27/2017 7:50,102,1011.4,330,13.35,85.5,10.99,4.59
1104,5/27/2017 7:55,76,1011.4,292,13.21,85.5,10.84,4.59
1105,5/27/2017 8:00,83,1011.4,321,13.43,85.7,11.09,4.59
1106,5/27/2017 8:05,89,1011.5,285,13.45,84.9,10.98,4.59
1107,5/27/2017 8:10,412,1011.4,6,13.95,84.2,11.35,4.59
1108,5/27/2017 8:15,286,1011.5,355,14.36,82.3,11.4,4.59
1109,5/27/2017 8:20,144,1011.4,309,15.29,80.7,12.01,4.59
1110,5/27/2017 8:25,433,1011.5,295,14.67,79.8,11.24,4.59
1111,5/27/2017 8:30,279,1011.4,330,14.7,80.7,11.43,4.59
1112,5/27/2017 8:35,352,1011.4,343,14.98,80,11.58,4.59
1113,5/27/2017 8:40,206,1011.4,340,15.56,78.8,11.91,4.59
1114,5/27/2017 8:45,776,1011.5,310,15.94,76.6,11.85,4.59
1115,5/27/2017 8:50,758,1011.4,324,15.77,76.8,11.73,4.59
1116,5/27/2017 8:55,783,1011.5,25,16.37,74.8,11.9,4.59
1117,5/27/2017 9:00,729,1011.3,284,16.61,75.7,12.32,4.59
1118,5/27/2017 9:05,157,1011.2,340,16.51,75.5,12.18,4.59
1119,5/27/2017 9:10,772,1011.4,80,16.8,75.5,12.46,4.59
1120,5/27/2017 9:15,539,1011.3,156,17.65,73.2,12.81,4.59
1121,5/27/2017 9:20,768,1011.3,32,17.3,69.8,11.75,4.59
1122,5/27/2017 9:25,414,1011.2,18,16.46,71.3,11.27,4.59
1123,5/27/2017 9:30,626,1011.1,354,16.99,72.3,11.98,4.59
1124,5/27/2017 9:35,707,1011.2,319,17.42,69.7,11.84,4.59
1125,5/27/2017 9:40,793,1011.3,10,17.39,68.7,11.6,4.59
1126,5/27/2017 9:45,214,1011.4,289,17.37,68.3,11.49,4.59
1127,5/27/2017 9:50,424,1011.5,13,17.25,70.3,11.81,4.61
1128,5/27/2017 9:55,247,1011.5,263,17.27,68.9,11.53,4.59
1129,5/27/2017 10:00,259,1011.8,337,16.34,68.5,10.55,4.59
1130,5/27/2017 10:05,299,1011.9,345,16.27,69,10.59,4.59
1131,5/27/2017 10:10,456,1011.7,299,16.7,68.7,10.94,4.6
1132,5/27/2017 10:15,392,1011.9,320,17.22,66.9,11.04,4.6
1133,5/27/2017 10:20,269,1012,350,16.96,67,10.81,4.6
1134,5/27/2017 10:25,839,1011.9,4,18.01,66.5,11.7,4.59
1135,5/27/2017 10:30,404,1011.7,88,17.8,65.2,11.19,4.59
1136,5/27/2017 10:35,386,1011.8,38,18.25,65.4,11.67,4.59
1137,5/27/2017 10:40,349,1011.8,8,17.58,65.1,10.97,4.6
1138,5/27/2017 10:45,286,1011.7,355,17.84,66.7,11.58,4.6
1139,5/27/2017 10:50,718,1011.8,333,17.7,65.9,11.26,4.6
1140,5/27/2017 10:55,492,1011.9,296,18.18,64.9,11.48,4.6
1141,5/27/2017 11:00,456,1011.8,260,18.6,65.2,11.96,4.6
1142,5/27/2017 11:05,397,1011.8,84,17.99,65,11.33,4.6
1143,5/27/2017 11:10,434,1011.8,42,18.79,64.5,11.98,4.6
1144,5/27/2017 11:15,676,1011.7,98,18.51,66.7,12.22,4.6
1145,5/27/2017 11:20,369,1011.8,70,18.2,68.3,12.28,4.6
1146,5/27/2017 11:25,333,1011.8,35,17.34,68.3,11.46,4.59
1147,5/27/2017 11:30,456,1011.8,73,17.46,70,11.95,4.59
1148,5/27/2017 11:35,433,1011.8,87,17.65,68.9,11.89,4.59
1149,5/27/2017 11:40,404,1011.9,63,17.7,67.1,11.54,4.59
1150,5/27/2017 11:45,493,1011.9,69,17.25,69.8,11.7,4.6
1151,5/27/2017 11:50,1023,1011.8,67,17.87,68.3,11.96,4.6
1152,5/27/2017 11:55,931,1011.9,53,17.63,67.1,11.47,4.6
1153,5/27/2017 12:00,934,1011.9,67,17.89,68.1,11.94,4.6
1154,5/27/2017 12:05,941,1011.9,114,18.51,67.3,12.35,4.6
1155,5/27/2017 12:10,942,1012,121,18.06,68.1,12.1,4.6
1156,5/27/2017 12:15,948,1011.9,74,17.56,67.7,11.54,4.6
1157,5/27/2017 12:20,948,1012.2,91,17.32,68.7,11.53,4.6
1158,5/27/2017 12:25,952,1012.2,105,17.46,67.2,11.33,4.59
1159,5/27/2017 12:30,954,1012.2,114,17.15,66.9,10.97,4.59
1160,5/27/2017 12:35,954,1012.4,118,17.58,64.7,10.87,4.6
1161,5/27/2017 12:40,957,1012.2,101,17.44,65.5,10.92,4.6
1162,5/27/2017 12:45,956,1012.4,104,17.8,65.3,11.22,4.6
1163,5/27/2017 12:50,959,1012.4,118,17.8,65.6,11.29,4.6
1164,5/27/2017 12:55,956,1012.4,119,17.53,65.5,11.01,4.6
1165,5/27/2017 13:00,952,1012.5,100,17.63,65.3,11.06,4.6
1166,5/27/2017 13:05,953,1012.5,102,17.58,65.8,11.13,4.6
1167,5/27/2017 13:10,953,1012.4,115,17.84,64.6,11.1,4.6
1168,5/27/2017 13:15,947,1012.4,107,17.63,65.2,11.03,4.6
1169,5/27/2017 13:20,943,1012.4,86,17.94,63.4,10.91,4.6
1170,5/27/2017 13:25,936,1012.3,73,17.65,65.3,11.08,4.59
1171,5/27/2017 13:30,931,1012.4,108,17.65,64.1,10.8,4.59
1172,5/27/2017 13:35,926,1012.4,104,17.56,63.1,10.47,4.6
1173,5/27/2017 13:40,919,1012.3,104,17.56,64.3,10.76,4.6
1174,5/27/2017 13:45,911,1012.3,84,18.34,64.5,11.55,4.6
1175,5/27/2017 13:50,908,1012.4,100,17.58,62.5,10.35,4.6
1176,5/27/2017 13:55,899,1012.4,119,18.53,62.2,11.18,4.6
1177,5/27/2017 14:00,894,1012.3,108,19.01,62,11.58,4.6
1178,5/27/2017 14:05,892,1012.4,139,18.96,61,11.29,4.6
1179,5/27/2017 14:10,869,1012.3,69,18.3,61.7,10.83,4.6
1180,5/27/2017 14:15,879,1012.4,58,17.65,63.4,10.64,4.6
1181,5/27/2017 14:20,852,1012.2,115,17.61,61.7,10.18,4.6
1182,5/27/2017 14:25,832,1012.3,98,18.1,61.2,10.53,4.59
1183,5/27/2017 14:30,843,1012.2,90,17.99,62,10.62,4.59
1184,5/27/2017 14:35,806,1012.2,86,18.01,62.2,10.69,4.59
1185,5/27/2017 14:40,819,1012.2,111,18.84,61.1,11.2,4.6
1186,5/27/2017 14:45,776,1012.2,69,17.87,60.7,10.19,4.6
1187,5/27/2017 14:50,811,1012.4,93,18.58,61.2,10.98,4.6
1188,5/27/2017 14:55,799,1012.3,95,18.18,61.2,10.6,4.6
1189,5/27/2017 15:00,787,1012.3,60,18.56,62,11.15,4.6
1190,5/27/2017 15:05,778,1012.4,63,17.75,62,10.39,4.6
1191,5/27/2017 15:10,771,1012.4,60,17.56,62.7,10.38,4.6
1192,5/27/2017 15:15,756,1012.2,72,17.96,62,10.59,4.6
1193,5/27/2017 15:20,722,1012.4,58,18.2,63.2,11.11,4.6
1194,5/27/2017 15:25,712,1012.2,53,18.77,61.7,11.28,4.59
1195,5/27/2017 15:30,714,1012.4,39,18.13,62.6,10.9,4.59
1196,5/27/2017 15:35,696,1012.5,126,19.15,59.6,11.12,4.6
1197,5/27/2017 15:40,709,1012.4,110,18.96,62.2,11.58,4.6
1198,5/27/2017 15:45,621,1012.4,97,18.96,61.3,11.36,4.6
1199,5/27/2017 15:50,554,1012.4,94,18.39,62.1,11.02,4.6
1200,5/27/2017 15:55,703,1012.4,112,18.82,62,11.4,4.6
1201,5/27/2017 16:00,709,1012.4,98,18.91,61.2,11.3,4.6
1202,5/27/2017 16:05,503,1012.5,59,18.91,60.2,11.05,4.6
1203,5/27/2017 16:10,313,1012.4,124,18.06,62.9,10.9,4.6
1204,5/27/2017 16:15,364,1012.4,72,17.58,64.2,10.76,4.6
1205,5/27/2017 16:20,309,1012.5,117,16.92,65.7,10.47,4.6
1206,5/27/2017 16:25,372,1012.6,95,16.58,66.4,10.31,4.59
1207,5/27/2017 16:30,583,1012.6,95,17.13,65.2,10.56,4.59
1208,5/27/2017 16:35,514,1012.5,100,17.51,64.4,10.74,4.59
1209,5/27/2017 16:40,617,1012.4,111,17.53,63.1,10.45,4.6
1210,5/27/2017 16:45,568,1012.4,110,17.32,64.1,10.49,4.6
1211,5/27/2017 16:50,449,1012.5,110,17.72,63.2,10.66,4.6
1212,5/27/2017 16:55,477,1012.5,91,17.13,62.9,10.02,4.6
1213,5/27/2017 17:00,552,1012.6,67,17.22,63.3,10.21,4.6
1214,5/27/2017 17:05,361,1012.6,67,16.58,64.6,9.9,4.61
1215,5/27/2017 17:10,556,1012.5,80,16.7,65.7,10.27,4.6
1216,5/27/2017 17:15,497,1012.5,62,17.2,64.4,10.44,4.6
1217,5/27/2017 17:20,184,1012.7,94,16.56,65.2,10.02,4.6
1218,5/27/2017 17:25,164,1012.8,76,15.94,66.4,9.7,4.59
1219,5/27/2017 17:30,182,1012.8,77,15.72,67.1,9.65,4.59
1220,5/27/2017 17:35,193,1012.8,69,15.58,68,9.71,4.6
1221,5/27/2017 17:40,188,1012.8,76,15.41,68.3,9.62,4.6
1222,5/27/2017 17:45,178,1012.9,74,15.34,69.2,9.75,4.6
1223,5/27/2017 17:50,166,1012.8,77,15.29,69.5,9.76,4.6
1224,5/27/2017 17:55,161,1012.9,88,15.1,70,9.69,4.6
1225,5/27/2017 18:00,156,1012.8,65,15.01,70.4,9.68,4.6
1226,5/27/2017 18:05,146,1012.8,53,15.08,69.9,9.64,4.6
1227,5/27/2017 18:10,133,1012.9,70,14.96,70.4,9.64,4.6
1228,5/27/2017 18:15,124,1012.8,73,15.22,70.8,9.97,4.6
1229,5/27/2017 18:20,123,1012.9,72,15.25,70.1,9.85,4.6
1230,5/27/2017 18:25,129,1012.9,81,15.53,70.2,10.14,4.59
1231,5/27/2017 18:30,127,1012.9,98,15.68,70,10.24,4.59
1232,5/27/2017 18:35,124,1013,97,15.51,69.6,9.99,4.6
1233,5/27/2017 18:40,112,1013,94,15.65,70.1,10.24,4.6
1234,5/27/2017 18:45,89,1013,74,15.63,70,10.19,4.6
1235,5/27/2017 18:50,76,1013.2,98,15.46,70.4,10.12,4.6
1236,5/27/2017 18:55,66,1013.1,84,15.37,70.7,10.09,4.6
1237,5/27/2017 19:00,57,1013.3,79,15.29,71.3,10.15,4.6
1238,5/27/2017 19:05,52,1013.4,132,15.39,70.8,10.13,4.6
1239,5/27/2017 19:10,44,1013.4,121,15.03,70.4,9.7,4.6
1240,5/27/2017 19:15,43,1013.2,95,14.79,71.1,9.62,4.59
1241,5/27/2017 19:20,49,1013.3,112,14.82,71.4,9.71,4.59
1242,5/27/2017 19:25,49,1013.4,102,14.91,71.7,9.86,4.56
1243,5/27/2017 19:30,44,1013.4,88,14.84,71.9,9.83,4.57
1244,5/27/2017 19:35,34,1013.5,100,14.65,72.2,9.71,4.56
1245,5/27/2017 19:40,31,1013.7,93,14.77,72.4,9.87,4.56
1246,5/27/2017 19:45,26,1013.6,87,14.77,72.8,9.95,4.56
1247,5/27/2017 19:50,23,1013.7,101,14.6,72.8,9.79,4.54
1248,5/27/2017 19:55,18,1013.5,97,14.6,73.4,9.91,4.54
1249,5/27/2017 20:00,12,1013.6,111,14.48,72.8,9.67,4.54
1250,5/27/2017 20:05,8,1013.7,101,14.39,73.7,9.77,4.54
1251,5/27/2017 20:10,8,1013.8,81,14.58,73.6,9.93,4.54
1252,5/27/2017 20:15,6,1013.8,95,14.29,73.6,9.65,4.53
1253,5/27/2017 20:20,3,1013.9,97,14.46,74.1,9.92,4.52
1254,5/27/2017 20:25,1,1013.9,102,14.39,74.2,9.87,4.48
1255,5/27/2017 20:30,1,1014,101,14.34,74.9,9.96,4.48
1256,5/27/2017 20:35,1,1014.2,93,14.29,75.2,9.97,4.48
1257,5/27/2017 20:40,1,1014,88,14.22,75.1,9.88,4.48
1258,5/27/2017 20:45,1,1014.2,104,14.24,75.3,9.95,4.48
1259,5/27/2017 20:50,1,1014.3,105,14.22,75.7,10,4.48
1260,5/27/2017 20:55,1,1014.2,83,14.24,76.1,10.11,4.48
1261,5/27/2017 21:00,1,1014.2,108,14.15,75.9,9.97,4.47
1262,5/27/2017 21:05,1,1014.2,104,14.12,76.1,9.99,4.47
1263,5/27/2017 21:10,1,1014.2,111,14.27,76,10.11,4.46
1264,5/27/2017 21:15,1,1014.3,102,14.15,76.1,10.01,4.46
1265,5/27/2017 21:20,1,1014.5,114,14.17,76,10.02,4.46
1266,5/27/2017 21:25,1,1014.5,95,14.24,76.3,10.14,4.43
1267,5/27/2017 21:30,1,1014.5,105,14.03,76.5,9.97,4.43
1268,5/27/2017 21:35,1,1014.5,94,14.12,77,10.17,4.43
1269,5/27/2017 21:40,1,1014.4,124,14.03,77,10.07,4.43
1270,5/27/2017 21:45,1,1014.5,128,14.1,77.2,10.18,4.43
1271,5/27/2017 21:50,1,1014.5,105,13.88,76.9,9.91,4.43
1272,5/27/2017 21:55,1,1014.6,111,13.88,77.3,9.99,4.42
1273,5/27/2017 22:00,1,1014.6,146,13.81,77,9.86,4.42
1274,5/27/2017 22:05,1,1014.8,150,13.83,76.6,9.81,4.42
1275,5/27/2017 22:10,1,1014.9,143,13.95,76.3,9.87,4.42
1276,5/27/2017 22:15,1,1014.8,107,14.05,75.8,9.86,4.42
1277,5/27/2017 22:20,1,1014.7,129,14.03,74.7,9.62,4.42
1278,5/27/2017 22:25,1,1014.6,94,14.05,75.5,9.8,4.38
1279,5/27/2017 22:30,1,1014.8,136,14.05,75.4,9.78,4.38
1280,5/27/2017 22:35,1,1014.7,138,14.05,75.2,9.74,4.38
1281,5/27/2017 22:40,1,1014.7,126,14.03,75.5,9.78,4.38
1282,5/27/2017 22:45,1,1014.7,347,14,75.9,9.83,4.38
1283,5/27/2017 22:50,1,1014.5,88,13.88,76.2,9.78,4.38
1284,5/27/2017 22:55,1,1014.6,163,13.93,76.5,9.88,4.38
1285,5/27/2017 23:00,1,1014.5,139,13.91,77,9.96,4.38
1286,5/27/2017 23:05,1,1014.8,187,14.17,77.3,10.27,4.38
1287,5/27/2017 23:10,1,1014.8,138,14.17,77.4,10.29,4.38
1288,5/27/2017 23:15,1,1014.9,139,14.24,77.4,10.36,4.37
1289,5/27/2017 23:20,1,1014.8,150,14.17,77.6,10.33,4.37
1290,5/27/2017 23:25,1,1014.9,112,14.12,78,10.36,4.34
1291,5/27/2017 23:30,1,1014.9,114,14.03,78,10.27,4.35
1292,5/27/2017 23:35,1,1014.9,93,14.07,78.6,10.43,4.35
1293,5/27/2017 23:40,1,1014.8,122,14.03,78.6,10.38,4.35
1294,5/27/2017 23:45,1,1014.9,90,14.24,78.8,10.63,4.39
1295,5/27/2017 23:50,1,1014.7,79,14.15,79.2,10.61,4.35
1296,5/27/2017 23:55,1,1014.7,140,13.98,79.3,10.47,4.35
1297,5/28/2017 0:00,1,1014.8,167,14.03,79.7,10.59,4.35
1298,5/28/2017 0:05,1,1014.8,145,14,80,10.62,4.37
1299,5/28/2017 0:10,1,1014.8,87,14.07,80.2,10.73,4.36
1300,5/28/2017 0:15,1,1014.7,163,14,80.3,10.68,4.36
1301,5/28/2017 0:20,1,1014.6,94,13.93,81,10.74,4.36
1302,5/28/2017 0:25,1,1014.8,62,13.86,81,10.67,4.32
1303,5/28/2017 0:30,1,1014.7,112,13.74,81.3,10.61,4.34
1304,5/28/2017 0:35,1,1014.6,115,13.67,82,10.66,4.34
1305,5/28/2017 0:40,1,1014.5,181,13.74,82.3,10.79,4.34
1306,5/28/2017 0:45,1,1014.5,163,13.67,82.4,10.74,4.35
1307,5/28/2017 0:50,1,1014.5,140,13.88,82.7,11,4.35
1308,5/28/2017 0:55,1,1014.3,163,14,82.3,11.05,4.35
1309,5/28/2017 1:00,1,1014.4,178,13.74,82.8,10.88,4.35
1310,5/28/2017 1:05,1,1014.3,157,14,83.2,11.21,4.35
1311,5/28/2017 1:10,1,1014.3,152,14.1,82.7,11.21,4.35
1312,5/28/2017 1:15,1,1014.3,164,13.86,83.2,11.07,4.35
1313,5/28/2017 1:20,1,1014.3,115,13.88,83.6,11.17,4.35
1314,5/28/2017 1:25,1,1014.3,184,13.88,83.5,11.15,4.33
1315,5/28/2017 1:30,1,1014.2,175,13.76,83.7,11.07,4.34
1316,5/28/2017 1:35,1,1013.9,192,13.95,84,11.31,4.34
1317,5/28/2017 1:40,1,1014,171,13.81,84.4,11.24,4.34
1318,5/28/2017 1:45,1,1013.8,184,13.95,84.6,11.42,4.35
1319,5/28/2017 1:50,1,1013.7,168,13.83,84.4,11.26,4.35
1320,5/28/2017 1:55,1,1013.8,188,13.74,85,11.28,4.35
1321,5/28/2017 2:00,1,1013.9,192,13.71,85.2,11.29,4.35
1322,5/28/2017 2:05,1,1013.9,188,13.69,85.3,11.28,4.35
1323,5/28/2017 2:10,1,1013.9,197,13.74,85.5,11.36,4.35
1324,5/28/2017 2:15,1,1013.9,181,13.83,85.4,11.44,4.35
1325,5/28/2017 2:20,1,1013.9,192,13.74,85.5,11.36,4.35
1326,5/28/2017 2:25,1,1013.9,175,13.76,85.5,11.39,4.32
1327,5/28/2017 2:30,1,1013.8,181,13.69,85.7,11.35,4.33
1328,5/28/2017 2:35,1,1013.7,173,13.76,85.9,11.46,4.34
1329,5/28/2017 2:40,1,1013.6,175,13.71,86,11.43,4.34
1330,5/28/2017 2:45,1,1013.7,181,13.74,86,11.45,4.34
1331,5/28/2017 2:50,1,1013.7,188,13.62,86.1,11.35,4.34
1332,5/28/2017 2:55,1,1013.6,178,13.67,86.5,11.47,4.35
1333,5/28/2017 3:00,1,1013.8,192,13.62,86.3,11.39,4.35
1334,5/28/2017 3:05,1,1013.9,192,13.62,86.6,11.44,4.35
1335,5/28/2017 3:10,1,1013.8,198,13.67,86.6,11.49,4.35
1336,5/28/2017 3:15,1,1013.9,219,13.74,87,11.63,4.35
1337,5/28/2017 3:20,1,1013.9,202,13.76,86.4,11.55,4.35
1338,5/28/2017 3:25,1,1014,229,13.67,86.5,11.47,4.32
1339,5/28/2017 3:30,1,1014.1,237,13.62,86.6,11.44,4.33
1340,5/28/2017 3:35,1,1014,225,13.71,86.8,11.57,4.34
1341,5/28/2017 3:40,1,1014,204,13.59,86.6,11.42,4.34
1342,5/28/2017 3:45,1,1014,205,13.71,86.8,11.57,4.34
1343,5/28/2017 3:50,1,1014.2,198,13.67,86.8,11.52,4.34
1344,5/28/2017 3:55,1,1014.1,209,13.62,87,11.51,4.34
1345,5/28/2017 4:00,1,1014.1,213,13.67,86.9,11.54,4.34
1346,5/28/2017 4:05,1,1014,229,13.71,87.1,11.62,4.34
1347,5/28/2017 4:10,1,1013.9,237,13.69,87,11.58,4.34
1348,5/28/2017 4:15,1,1013.9,205,13.76,87.2,11.69,4.36
1349,5/28/2017 4:20,1,1013.9,219,13.74,87,11.63,4.34
1350,5/28/2017 4:25,1,1013.8,213,13.67,86.9,11.54,4.32
1351,5/28/2017 4:30,1,1013.9,241,13.59,87.3,11.54,4.33
1352,5/28/2017 4:35,1,1013.9,208,13.67,87.3,11.61,4.33
1353,5/28/2017 4:40,1,1014,219,13.59,87.5,11.57,4.33
1354,5/28/2017 4:45,1,1013.9,192,13.69,87.4,11.65,4.34
1355,5/28/2017 4:50,1,1014.1,222,13.52,87.8,11.55,4.34
1356,5/28/2017 4:55,1,1014.1,239,13.57,87.9,11.62,4.34
1357,5/28/2017 5:00,1,1014.3,211,13.59,88,11.66,4.34
1358,5/28/2017 5:05,2,1014.4,206,13.59,88.2,11.69,4.34
1359,5/28/2017 5:10,3,1014.1,201,13.74,88.1,11.82,4.34
1360,5/28/2017 5:15,4,1013.8,180,13.76,87.8,11.79,4.34
1361,5/28/2017 5:20,7,1014,185,13.88,87.9,11.93,4.34
1362,5/28/2017 5:25,8,1014.1,313,13.81,87.7,11.82,4.32
1363,5/28/2017 5:30,9,1014,268,13.69,87.6,11.68,4.33
1364,5/28/2017 5:35,11,1014,237,13.52,87.9,11.57,4.33
1365,5/28/2017 5:40,13,1014.3,270,13.43,88.1,11.51,4.33
1366,5/28/2017 5:45,16,1014.3,240,13.47,88.2,11.57,4.34
1367,5/28/2017 5:50,17,1014.3,279,13.45,88.4,11.59,4.34
1368,5/28/2017 5:55,21,1014.4,241,13.67,88.2,11.76,4.34
1369,5/28/2017 6:00,23,1014.4,220,13.62,88.2,11.72,4.35
1370,5/28/2017 6:05,26,1014.5,211,13.79,88,11.85,4.36
1371,5/28/2017 6:10,31,1014.5,206,14.51,87.6,12.49,4.37
1372,5/28/2017 6:15,49,1014.5,173,14.34,87,12.22,4.39
1373,5/28/2017 6:20,157,1014.6,195,14.46,86.1,12.18,4.41
1374,5/28/2017 6:25,59,1014.8,229,14.74,86,12.44,4.44
1375,5/28/2017 6:30,177,1014.7,191,14.7,85.5,12.31,4.51
1376,5/28/2017 6:35,223,1014.7,187,15.41,84.8,12.89,4.56
1377,5/28/2017 6:40,249,1014.7,183,15.6,83.8,12.89,4.57
1378,5/28/2017 6:45,316,1014.9,171,15.87,83.2,13.04,4.59
1379,5/28/2017 6:50,169,1015,173,15.46,83.5,12.7,4.59
1380,5/28/2017 6:55,232,1015.2,171,15.39,83.2,12.57,4.59
1381,5/28/2017 7:00,146,1015.4,184,15.39,84,12.72,4.59
1382,5/28/2017 7:05,122,1015.4,177,15.7,83.5,12.93,4.59
1383,5/28/2017 7:10,138,1015.5,177,15.29,83.3,12.5,4.59
1384,5/28/2017 7:15,123,1015.7,187,14.77,84.6,12.22,4.59
1385,5/28/2017 7:20,131,1015.7,191,14.82,85.3,12.39,4.59
1386,5/28/2017 7:25,131,1015.8,191,15.13,85.1,12.66,4.59
1387,5/28/2017 7:30,137,1016,185,15.44,85.1,12.96,4.59
1388,5/28/2017 7:35,162,1015.9,183,15.87,84.2,13.22,4.59
1389,5/28/2017 7:40,182,1016,184,16.44,82.7,13.51,4.59
1390,5/28/2017 7:45,193,1016,247,16.34,81.8,13.24,4.59
1391,5/28/2017 7:50,221,1015.9,197,16.61,81,13.35,4.59
1392,5/28/2017 7:55,223,1015.9,204,16.7,79.8,13.21,4.59
1393,5/28/2017 8:00,233,1016,232,17.22,79.2,13.61,4.59
1394,5/28/2017 8:05,233,1016,275,16.87,78.4,13.1,4.59
1395,5/28/2017 8:10,231,1016,260,17.13,78.3,13.34,4.59
1396,5/28/2017 8:15,248,1016,174,17.46,79,13.8,4.59
1397,5/28/2017 8:20,257,1016,174,16.8,78.2,13,4.59
1398,5/28/2017 8:25,299,1016,202,17.3,78.5,13.54,4.59
1399,5/28/2017 8:30,383,1015.9,219,17.37,77.7,13.45,4.59
1400,5/28/2017 8:35,358,1015.9,272,17.39,77.2,13.38,4.61
1401,5/28/2017 8:40,423,1015.7,234,17.84,77.6,13.89,4.59
1402,5/28/2017 8:45,559,1015.7,233,18.72,75.3,14.28,4.59
1403,5/28/2017 8:50,506,1015.6,205,18.75,74.2,14.08,4.6
1404,5/28/2017 8:55,593,1015.5,183,19.37,73.8,14.59,4.6
1405,5/28/2017 9:00,591,1015.4,206,19.1,73.4,14.25,4.6
1406,5/28/2017 9:05,602,1015.2,229,19.1,73.6,14.3,4.6
1407,5/28/2017 9:10,611,1015.2,197,18.72,73.5,13.91,4.6
1408,5/28/2017 9:15,622,1015.3,191,18.44,74.5,13.84,4.6
1409,5/28/2017 9:20,634,1015.3,192,18.44,74.4,13.82,4.6
1410,5/28/2017 9:25,648,1015,190,19.6,73.7,14.8,4.59
1411,5/28/2017 9:30,658,1015,153,19.77,71.3,14.45,4.59
1412,5/28/2017 9:35,668,1014.9,180,19.44,72.5,14.38,4.59
1413,5/28/2017 9:40,682,1014.9,170,19.6,72.2,14.48,4.59
1414,5/28/2017 9:45,691,1014.9,185,19.84,72.7,14.82,4.6
1415,5/28/2017 9:50,701,1015,194,19.98,71.9,14.78,4.6
1416,5/28/2017 9:55,712,1015,160,20.46,70.3,14.89,4.6
1417,5/28/2017 10:00,724,1014.9,178,19.89,71.2,14.54,4.6
1418,5/28/2017 10:05,742,1014.8,138,20.75,69.2,14.92,4.59
1419,5/28/2017 10:10,753,1014.7,128,21.56,67.9,15.4,4.6
1420,5/28/2017 10:15,759,1014.6,139,21.17,68.1,15.08,4.6
1421,5/28/2017 10:20,774,1014.7,156,21.22,66.3,14.71,4.59
1422,5/28/2017 10:25,798,1014.7,77,21.34,66.4,14.84,4.59
1423,5/28/2017 10:30,798,1014.7,154,22.63,64.1,15.52,4.59
1424,5/28/2017 10:35,788,1014.7,111,22.35,65.1,15.49,4.59
1425,5/28/2017 10:40,802,1014.7,107,22.47,65.4,15.68,4.59
1426,5/28/2017 10:45,738,1014.6,147,22.87,63.8,15.68,4.59
1427,5/28/2017 10:50,828,1014.5,88,22.23,66.2,15.64,4.59
1428,5/28/2017 10:55,848,1014.6,135,23.14,63.6,15.88,4.59
1429,5/28/2017 11:00,859,1014.7,93,22.94,63.7,15.72,4.59
1430,5/28/2017 11:05,773,1014.7,104,22.51,64.2,15.43,4.59
1431,5/28/2017 11:10,869,1014.8,88,22.44,63.3,15.14,4.59
1432,5/28/2017 11:15,891,1014.6,91,22.58,64.4,15.55,4.61
1433,5/28/2017 11:20,818,1014.7,102,22.58,65,15.69,4.59
1434,5/28/2017 11:25,838,1014.6,94,22.37,64.2,15.3,4.59
1435,5/28/2017 11:30,761,1014.6,91,22.54,65.1,15.67,4.59
1436,5/28/2017 11:35,838,1014.8,56,21.87,64.8,14.96,4.59
1437,5/28/2017 11:40,837,1014.9,56,22.2,64.5,15.21,4.59
1438,5/28/2017 11:45,859,1014.9,83,22.49,63.9,15.34,4.59
1439,5/28/2017 11:50,936,1015,91,22.78,62.9,15.36,4.59
1440,5/28/2017 11:55,674,1014.9,83,22.7,62.9,15.29,4.59
1441,5/28/2017 12:00,833,1014.6,108,22.51,62.1,14.91,4.59
1442,5/28/2017 12:05,948,1014.7,55,22.25,63.1,14.91,4.59
1443,5/28/2017 12:10,841,1014.8,63,21.49,64.1,14.43,4.59
1444,5/28/2017 12:15,871,1014.9,60,21.7,64.5,14.73,4.59
1445,5/28/2017 12:20,861,1014.8,69,20.98,64.9,14.15,4.59
1446,5/28/2017 12:25,1053,1015.2,83,21.91,64,14.82,4.59
1447,5/28/2017 12:30,612,1015.3,67,21.2,65.2,14.43,4.59
1448,5/28/2017 12:35,417,1015.3,76,20.03,69.5,14.3,4.59
1449,5/28/2017 12:40,293,1015.1,76,19.39,70,13.8,4.59
1450,5/28/2017 12:45,261,1015.2,63,18.49,72.3,13.43,4.59
1451,5/28/2017 12:50,263,1015.4,79,17.96,74.2,13.32,4.59
1452,5/28/2017 12:55,223,1015.5,65,17.32,75.3,12.93,4.59
1453,5/28/2017 13:00,194,1015.6,65,17.72,75.4,13.34,4.59
1454,5/28/2017 13:05,178,1015.6,77,17.7,75.1,13.25,4.59
1455,5/28/2017 13:10,156,1015.6,67,17.44,75.6,13.1,4.6
1456,5/28/2017 13:15,142,1015.7,69,17.56,75.3,13.16,4.59
1457,5/28/2017 13:20,103,1016.2,80,17.44,76,13.18,4.6
1458,5/28/2017 13:25,93,1015.9,90,17.44,74.7,12.92,4.59
1459,5/28/2017 13:30,83,1016.1,60,16.94,75.2,12.54,4.59
1460,5/28/2017 13:35,83,1016.1,100,16.72,75.9,12.47,4.59
1461,5/28/2017 13:40,77,1016,94,16.72,75.3,12.35,4.6
1462,5/28/2017 13:45,77,1016.1,90,16.56,75.5,12.23,4.6
1463,5/28/2017 13:50,69,1016.2,86,16.49,75.8,12.22,4.6
1464,5/28/2017 13:55,64,1016.2,79,16.61,75.5,12.28,4.6
1465,5/28/2017 14:00,61,1016.2,91,16.42,74.8,11.95,4.6
1466,5/28/2017 14:05,59,1016.3,69,16.44,74.6,11.93,4.6
1467,5/28/2017 14:10,58,1016.2,87,16.27,75,11.85,4.6
1468,5/28/2017 14:15,54,1016.2,63,16.08,74.9,11.65,4.6
1469,5/28/2017 14:20,56,1016.1,65,16.27,74.9,11.83,4.6
1470,5/28/2017 14:25,56,1016.2,69,16.27,74.6,11.77,4.57
1471,5/28/2017 14:30,59,1016.1,73,16.3,74.8,11.83,4.59
1472,5/28/2017 14:35,64,1016.1,122,16.34,74.4,11.8,4.59
1473,5/28/2017 14:40,58,1016.2,94,16.46,74.7,11.97,4.59
1474,5/28/2017 14:45,68,1016.1,98,16.46,75,12.04,4.6
1475,5/28/2017 14:50,93,1016,86,16.39,75.1,11.99,4.6
1476,5/28/2017 14:55,112,1016,65,16.06,75.6,11.76,4.6
1477,5/28/2017 15:00,122,1015.9,67,15.84,76.4,11.72,4.6
1478,5/28/2017 15:05,129,1016,58,15.94,77.1,11.95,4.6
1479,5/28/2017 15:10,138,1015.9,88,15.94,76.8,11.89,4.6
1480,5/28/2017 15:15,153,1016,69,16.15,76.4,12.02,4.61
1481,5/28/2017 15:20,166,1016,81,16.22,76.7,12.15,4.6
1482,5/28/2017 15:25,187,1015.9,74,16.53,76.4,12.39,4.59
1483,5/28/2017 15:30,234,1015.7,102,17.01,75.4,12.65,4.59
1484,5/28/2017 15:35,287,1015.7,80,17.03,75.4,12.67,4.6
1485,5/28/2017 15:40,326,1015.7,62,16.46,76.7,12.38,4.6
1486,5/28/2017 15:45,303,1015.7,74,16.61,76.3,12.44,4.6
1487,5/28/2017 15:50,251,1015.9,69,16.96,76,12.72,4.6
1488,5/28/2017 15:55,303,1015.6,79,17.46,75.7,13.14,4.6
1489,5/28/2017 16:00,297,1015.5,72,17.65,74.7,13.12,4.6
1490,5/28/2017 16:05,238,1015.6,65,18.27,74.4,13.66,4.61
1491,5/28/2017 16:10,351,1015.7,124,18.25,73.4,13.43,4.6
1492,5/28/2017 16:15,354,1015.7,152,18.82,72.1,13.7,4.61
1493,5/28/2017 16:20,327,1015.6,147,19.25,71.3,13.94,4.63
1494,5/28/2017 16:25,291,1015.6,131,19.39,71,14.02,4.59
1495,5/28/2017 16:30,259,1015.6,125,18.94,71,13.58,4.6
1496,5/28/2017 16:35,229,1015.6,125,19.08,70.6,13.63,4.6
1497,5/28/2017 16:40,187,1015.8,125,18.94,71.5,13.69,4.6
1498,5/28/2017 16:45,181,1015.8,125,19.03,70.5,13.56,4.6
1499,5/28/2017 16:50,166,1015.6,125,19.56,70.8,14.13,4.6
1500,5/28/2017 16:55,147,1015.7,125,19.41,70.9,14.02,4.6
1501,5/28/2017 17:00,167,1015.6,125,19.67,70,14.07,4.6
1502,5/28/2017 17:05,226,1015.4,125,19.51,70.8,14.09,4.6
1503,5/28/2017 17:10,214,1015.3,125,19.98,69.2,14.19,4.6
1504,5/28/2017 17:15,147,1015.4,125,20.1,68.4,14.12,4.6
1505,5/28/2017 17:20,148,1015.3,131,19.84,68.8,13.96,4.6
1506,5/28/2017 17:25,121,1015.4,177,19.82,68.3,13.83,4.59
1507,5/28/2017 17:30,111,1015.4,177,20.06,67.9,13.96,4.59
1508,5/28/2017 17:35,98,1015.4,206,20.03,67.9,13.94,4.6
1509,5/28/2017 17:40,97,1015.4,184,19.75,67.8,13.65,4.6
1510,5/28/2017 17:45,89,1015.4,185,19.84,66.8,13.51,4.6
1511,5/28/2017 17:50,89,1015.3,185,19.82,65.6,13.21,4.6
1512,5/28/2017 17:55,96,1015.3,163,19.6,65.6,13,4.6
1513,5/28/2017 18:00,93,1015.3,184,19.44,65.2,12.75,4.6
1514,5/28/2017 18:05,94,1015.4,177,19.44,65.6,12.85,4.6
1515,5/28/2017 18:10,112,1015.3,174,19.53,65,12.8,4.6
1516,5/28/2017 18:15,99,1015.3,170,19.41,64,12.45,4.6
1517,5/28/2017 18:20,78,1015.2,174,19.41,64.3,12.52,4.6
1518,5/28/2017 18:25,69,1015.4,157,19.53,64,12.56,4.59
1519,5/28/2017 18:30,66,1015.5,185,19.46,64,12.49,4.59
1520,5/28/2017 18:35,62,1015.4,184,19.22,63.6,12.17,4.59
1521,5/28/2017 18:40,54,1015.5,171,19.2,63.7,12.17,4.6
1522,5/28/2017 18:45,49,1015.5,174,19.22,64.1,12.29,4.6
1523,5/28/2017 18:50,44,1015.5,175,19.13,64.1,12.2,4.6
1524,5/28/2017 18:55,41,1015.6,173,19.06,64.1,12.13,4.59
1525,5/28/2017 19:00,36,1015.6,154,19.25,63.8,12.24,4.59
1526,5/28/2017 19:05,32,1015.6,178,19.06,63.9,12.08,4.6
1527,5/28/2017 19:10,32,1015.6,168,18.87,63.3,11.76,4.57
1528,5/28/2017 19:15,34,1015.7,178,18.72,63,11.55,4.57
1529,5/28/2017 19:20,27,1015.7,178,18.56,63,11.4,4.56
1530,5/28/2017 19:25,24,1015.8,205,18.44,62.7,11.21,4.54
1531,5/28/2017 19:30,22,1015.8,190,18.49,62.8,11.28,4.53
1532,5/28/2017 19:35,17,1015.9,175,18.51,63.4,11.45,4.53
1533,5/28/2017 19:40,11,1016,173,18.37,64.1,11.48,4.52
1534,5/28/2017 19:45,9,1015.9,174,18.32,64.2,11.46,4.51
1535,5/28/2017 19:50,8,1015.9,171,18.27,64.6,11.5,4.51
1536,5/28/2017 19:55,6,1015.9,167,18.22,65.7,11.72,4.51
1537,5/28/2017 20:00,2,1015.9,164,18.2,65.9,11.74,4.5
1538,5/28/2017 20:05,1,1016,170,17.99,66.7,11.72,4.5
1539,5/28/2017 20:10,1,1015.9,199,17.87,67.4,11.76,4.49
1540,5/28/2017 20:15,1,1016,154,17.77,67.6,11.72,4.49
1541,5/28/2017 20:20,1,1016.1,202,17.75,68.2,11.83,4.48
1542,5/28/2017 20:25,1,1016,187,17.63,68.4,11.76,4.45
1543,5/28/2017 20:30,1,1016.1,178,17.46,68.8,11.69,4.45
1544,5/28/2017 20:35,1,1016.1,183,17.49,68.4,11.62,4.45
1545,5/28/2017 20:40,1,1016.3,202,17.39,68.7,11.6,4.45
1546,5/28/2017 20:45,1,1016.2,184,17.42,68.4,11.55,4.44
1547,5/28/2017 20:50,1,1016.3,177,17.15,69,11.44,4.44
1548,5/28/2017 20:55,1,1016.2,174,17.06,68.9,11.32,4.44
1549,5/28/2017 21:00,1,1016.4,167,17.01,69.5,11.41,4.44
1550,5/28/2017 21:05,1,1016.6,171,16.92,69,11.21,4.44
1551,5/28/2017 21:10,1,1016.8,178,16.77,68.8,11.03,4.44
1552,5/28/2017 21:15,1,1016.5,180,16.68,68.6,10.89,4.44
1553,5/28/2017 21:20,1,1016.5,174,16.61,68.5,10.8,4.43
1554,5/28/2017 21:25,1,1016.4,178,16.44,68.9,10.73,4.39
1555,5/28/2017 21:30,1,1016.4,187,16.34,69.1,10.68,4.4
1556,5/28/2017 21:35,1,1016.5,181,16.25,68.1,10.37,4.4
1557,5/28/2017 21:40,1,1016.6,185,16.22,68.5,10.44,4.39
1558,5/28/2017 21:45,1,1016.7,185,16.06,68.3,10.23,4.39
1559,5/28/2017 21:50,1,1016.7,190,16.01,68,10.12,4.39
1560,5/28/2017 21:55,1,1016.6,183,15.91,68.4,10.12,4.39
1561,5/28/2017 22:00,1,1016.6,167,15.82,68.4,10.03,4.43
1562,5/28/2017 22:05,1,1016.6,183,15.8,67.7,9.85,4.39
1563,5/28/2017 22:10,1,1016.6,194,15.75,67.5,9.76,4.39
1564,5/28/2017 22:15,1,1016.6,192,15.63,67,9.54,4.39
1565,5/28/2017 22:20,1,1016.6,190,15.6,67.2,9.56,4.39
1566,5/28/2017 22:25,1,1016.6,178,15.6,67.3,9.58,4.36
1567,5/28/2017 22:30,1,1017.1,204,15.58,67.4,9.58,4.36
1568,5/28/2017 22:35,1,1016.6,185,15.56,68.1,9.71,4.36
1569,5/28/2017 22:40,1,1016.8,195,15.53,68.1,9.69,4.36
1570,5/28/2017 22:45,1,1016.6,195,15.49,69.2,9.88,4.36
1571,5/28/2017 22:50,1,1016.8,183,15.41,68.3,9.62,4.36
1572,5/28/2017 22:55,1,1016.6,213,15.27,68.7,9.57,4.36
1573,5/28/2017 23:00,1,1016.6,177,15.29,69,9.66,4.36
1574,5/28/2017 23:05,1,1016.5,175,15.08,69.4,9.54,4.36
1575,5/28/2017 23:10,1,1016.5,183,14.96,70.1,9.57,4.36
1576,5/28/2017 23:15,1,1016.5,190,14.98,70.4,9.66,4.36
1577,5/28/2017 23:20,1,1016.6,167,14.94,70.6,9.65,4.36
1578,5/28/2017 23:25,1,1016.4,173,14.65,71,9.46,4.33
1579,5/28/2017 23:30,1,1016.5,198,14.6,72,9.63,4.34
1580,5/28/2017 23:35,1,1016.5,177,14.46,72.3,9.55,4.34
1581,5/28/2017 23:40,1,1016.5,156,14.34,73,9.58,4.35
1582,5/28/2017 23:45,1,1016.5,184,14.36,72.8,9.56,4.35
1583,5/28/2017 23:50,1,1016.5,171,14.24,73.4,9.57,4.35
1584,5/28/2017 23:55,1,1016.5,192,14.15,73,9.39,4.35
1585,5/29/2017 0:00,1,1016.5,183,14.12,73.8,9.53,4.35
1586,5/29/2017 0:05,1,1016.6,173,14.15,74.2,9.64,4.35
1587,5/29/2017 0:10,1,1016.5,168,14.03,74.7,9.62,4.35
1588,5/29/2017 0:15,1,1016.5,174,13.93,75.2,9.63,4.35
1589,5/29/2017 0:20,1,1016.4,175,13.83,75.7,9.63,4.35
1590,5/29/2017 0:25,1,1016.7,183,13.74,76.2,9.64,4.33
1591,5/29/2017 0:30,1,1016.5,188,13.74,76.2,9.64,4.33
1592,5/29/2017 0:35,1,1016.6,188,13.69,76.2,9.59,4.34
1593,5/29/2017 0:40,1,1016.6,161,13.74,76.3,9.66,4.34
1594,5/29/2017 0:45,1,1016.5,174,13.57,76.8,9.59,4.34
1595,5/29/2017 0:50,1,1016.6,150,13.52,77,9.58,4.35
1596,5/29/2017 0:55,1,1016.6,173,13.43,76.8,9.45,4.35
1597,5/29/2017 1:00,1,1016.5,168,13.43,76.5,9.39,4.35
1598,5/29/2017 1:05,1,1016.3,161,13.38,77,9.44,4.35
1599,5/29/2017 1:10,1,1016.4,154,13.47,76.5,9.44,4.35
1600,5/29/2017 1:15,1,1016.4,160,13.35,76.7,9.36,4.35
1601,5/29/2017 1:20,1,1016.6,164,13.26,77.2,9.36,4.35
1602,5/29/2017 1:25,1,1016.6,154,13.16,77.4,9.31,4.32
1603,5/29/2017 1:30,1,1016.6,171,13.31,77.9,9.55,4.33
1604,5/29/2017 1:35,1,1016.5,174,13.16,78,9.42,4.33
1605,5/29/2017 1:40,1,1016.5,190,12.99,78.4,9.34,4.34
1606,5/29/2017 1:45,1,1016.5,198,13.09,78.6,9.47,4.34
1607,5/29/2017 1:50,1,1016.5,115,13.02,78.7,9.42,4.34
1608,5/29/2017 1:55,1,1016.4,142,12.94,78.6,9.33,4.34
1609,5/29/2017 2:00,1,1016.4,111,12.77,78.9,9.22,4.35
1610,5/29/2017 2:05,1,1016.6,170,12.99,79.1,9.47,4.34
1611,5/29/2017 2:10,1,1016.6,153,12.63,78.8,9.06,4.34
1612,5/29/2017 2:15,1,1016.5,167,12.53,79.3,9.06,4.34
1613,5/29/2017 2:20,1,1016.5,178,12.7,79.6,9.28,4.34
1614,5/29/2017 2:25,1,1016.6,66,12.7,80.4,9.43,4.32
1615,5/29/2017 2:30,1,1016.5,93,12.75,80.9,9.57,4.32
1616,5/29/2017 2:35,1,1016.6,97,12.63,81.2,9.51,4.33
1617,5/29/2017 2:40,1,1016.7,105,12.63,81.7,9.6,4.33
1618,5/29/2017 2:45,1,1016.7,76,12.39,82.4,9.49,4.33
1619,5/29/2017 2:50,1,1016.6,98,12.27,82.7,9.42,4.33
1620,5/29/2017 2:55,1,1016.7,98,12.32,82,9.34,4.33
1621,5/29/2017 3:00,1,1016.6,135,12.29,81.6,9.25,4.33
1622,5/29/2017 3:05,1,1016.7,107,12.58,81.3,9.48,4.33
1623,5/29/2017 3:10,1,1016.7,101,12.56,81.4,9.47,4.33
1624,5/29/2017 3:15,1,1016.7,98,12.51,82.2,9.57,4.33
1625,5/29/2017 3:20,1,1016.8,110,12.68,82.9,9.86,4.34
1626,5/29/2017 3:25,1,1016.8,108,12.7,82.7,9.85,4.31
1627,5/29/2017 3:30,1,1016.9,77,12.61,82.8,9.77,4.32
1628,5/29/2017 3:35,1,1016.7,80,12.53,82.5,9.65,4.32
1629,5/29/2017 3:40,1,1016.6,77,12.39,83.5,9.69,4.32
1630,5/29/2017 3:45,1,1016.6,80,12.24,84.1,9.65,4.32
1631,5/29/2017 3:50,1,1016.7,95,12.15,84.4,9.61,4.33
1632,5/29/2017 3:55,1,1016.7,98,12.27,85,9.83,4.33
1633,5/29/2017 4:00,1,1016.6,100,12.12,84.9,9.67,4.33
1634,5/29/2017 4:05,1,1016.6,107,12.07,85.4,9.71,4.33
1635,5/29/2017 4:10,1,1016.6,87,11.98,85.6,9.65,4.33
1636,5/29/2017 4:15,1,1016.6,110,12,85.8,9.71,4.33
1637,5/29/2017 4:20,1,1016.6,72,12.12,86.1,9.88,4.33
1638,5/29/2017 4:25,1,1016.7,86,12,85.8,9.71,4.3
1639,5/29/2017 4:30,1,1016.6,86,11.95,86.3,9.75,4.32
1640,5/29/2017 4:35,1,1016.7,107,11.93,86.9,9.83,4.32
1641,5/29/2017 4:40,1,1016.7,55,11.95,87.6,9.97,4.32
1642,5/29/2017 4:45,1,1016.6,88,11.93,87.9,10,4.32
1643,5/29/2017 4:50,1,1016.6,95,11.93,88.3,10.07,4.32
1644,5/29/2017 4:55,1,1016.7,100,11.86,88.3,10,4.32
1645,5/29/2017 5:00,1,1016.7,86,11.66,88.4,9.82,4.32
1646,5/29/2017 5:05,1,1016.7,97,11.61,88.5,9.79,4.32
1647,5/29/2017 5:10,2,1016.7,86,11.54,88.5,9.72,4.33
1648,5/29/2017 5:15,1,1016.6,69,11.52,88.3,9.66,4.33
1649,5/29/2017 5:20,2,1016.9,91,11.39,88.4,9.56,4.33
1650,5/29/2017 5:25,3,1017,90,11.54,88.7,9.75,4.3
1651,5/29/2017 5:30,3,1017.2,60,11.42,88.7,9.63,4.3
1652,5/29/2017 5:35,6,1017.2,60,11.39,88.8,9.62,4.32
1653,5/29/2017 5:40,8,1017.1,79,11.39,89.1,9.68,4.32
1654,5/29/2017 5:45,9,1017.3,80,11.37,89.4,9.7,4.32
1655,5/29/2017 5:50,11,1017.4,110,11.32,89,9.59,4.32
1656,5/29/2017 5:55,13,1017.3,91,11.18,89,9.44,4.32
1657,5/29/2017 6:00,22,1017.3,76,11.2,89,9.47,4.32
1658,5/29/2017 6:05,26,1017.3,72,11.22,89,9.49,4.33
1659,5/29/2017 6:10,22,1017.2,70,11.39,89,9.66,4.33
1660,5/29/2017 6:15,38,1017.2,128,11.37,88.9,9.62,4.34
1661,5/29/2017 6:20,43,1017.4,88,11.3,89,9.56,4.25
